upstream_cpp	n_gm	kt_files	gm_status	source_tags	test_files	disabled_tags	bucket
3d	1	Sk3dSimpleGM.kt	PORTED	-	skia-integration-tests/src/test/kotlin/org/skia/tests/Sk3dSimpleTest.kt	-	ported
aaa	3	AnalyticAntialiasConvexGM.kt,AnalyticAntialiasGeneralGM.kt,AnalyticAntialiasInverseGM.kt	PORTED	-	gpu-raster/src/test/kotlin/org/skia/gpu/webgpu/AnalyticAntialiasConvexWebGpuTest.kt,gpu-raster/src/test/kotlin/org/skia/gpu/webgpu/crossbackend/AnalyticAntialiasConvexCrossBackendTest.kt,gpu-raster/src/test/kotlin/org/skia/gpu/webgpu/AnalyticAntialiasInverseWebGpuTest.kt,gpu-raster/src/test/kotlin/org/skia/gpu/webgpu/crossbackend/AnalyticAntialiasInverseCrossBackendTest.kt	-	ported
aaclip	3	AaclipGM.kt,CgimageGM.kt,ClipCubicGM.kt	PORTED	STUB.MISSING_API	gpu-raster/src/test/kotlin/org/skia/gpu/webgpu/ClipCubicWebGpuTest.kt,gpu-raster/src/test/kotlin/org/skia/gpu/webgpu/crossbackend/AaclipCrossBackendTest.kt,skia-integration-tests/src/test/kotlin/org/skia/tests/CgimageTest.kt,skia-integration-tests/src/test/kotlin/org/skia/tests/ClipCubicTest.kt,gpu-raster/src/test/kotlin/org/skia/gpu/webgpu/crossbackend/ClipCubicCrossBackendTest.kt	STUB.MISSING_API	implementation
aarecteffect	1	-	MISSING	-	-	-	missing-mapping
aarectmodes	1	AaRectModesGM.kt	PORTED	-	skia-integration-tests/src/test/kotlin/org/skia/tests/AaRectModesTest.kt	-	ported
aaxfermodes	1	AAXfermodesGM.kt	PORTED	-	skia-integration-tests/src/test/kotlin/org/skia/tests/AAXfermodesTest.kt	-	ported
addarc	6	AddArcGM.kt,AddArcMeasGM.kt,FillCircleGM.kt,ManyArcsGM.kt,StrokeCircleGM.kt,TinyAngleArcsGM.kt	PARTIAL	-	gpu-raster/src/test/kotlin/org/skia/gpu/webgpu/AddArcWebGpuTest.kt,skia-integration-tests/src/test/kotlin/org/skia/tests/AddArcTest.kt,gpu-raster/src/test/kotlin/org/skia/gpu/webgpu/crossbackend/AddArcCrossBackendTest.kt,skia-integration-tests/src/test/kotlin/org/skia/tests/AddArcMeasTest.kt,skia-integration-tests/src/test/kotlin/org/skia/tests/FillCircleTest.kt,gpu-raster/src/test/kotlin/org/skia/gpu/webgpu/FillCircleWebGpuTest.kt,gpu-raster/src/test/kotlin/org/skia/gpu/webgpu/crossbackend/FillCircleCrossBackendTest.kt,skia-integration-tests/src/test/kotlin/org/skia/tests/ManyArcsTest.kt,skia-integration-tests/src/test/kotlin/org/skia/tests/StrokeCircleTest.kt,gpu-raster/src/test/kotlin/org/skia/gpu/webgpu/StrokeCircleWebGpuTest.kt,gpu-raster/src/test/kotlin/org/skia/gpu/webgpu/crossbackend/StrokeCircleCrossBackendTest.kt,skia-integration-tests/src/test/kotlin/org/skia/tests/TinyAngleArcsTest.kt	STUB.MISSING_API	implementation
all_bitmap_configs	3	AllBitmapConfigsGM.kt,AllVariants8888GM.kt,NotNative32BitmapConfigGM.kt	PORTED	-	skia-integration-tests/src/test/kotlin/org/skia/tests/AllBitmapConfigsTest.kt,skia-integration-tests/src/test/kotlin/org/skia/tests/AllVariants8888Test.kt,skia-integration-tests/src/test/kotlin/org/skia/tests/NotNative32BitmapConfigTest.kt	-	ported
alpha_image	3	AlphaBitmapIsCoverageAndroidGM.kt,AlphaImageAlphaTintGM.kt,AlphaImageGM.kt	PARTIAL	STUB.INTRACTABLE	skia-integration-tests/src/test/kotlin/org/skia/tests/AlphaBitmapIsCoverageAndroidTest.kt,skia-integration-tests/src/test/kotlin/org/skia/tests/AlphaImageAlphaTintTest.kt,skia-integration-tests/src/test/kotlin/org/skia/tests/AlphaImageTest.kt	STUB.INTRACTABLE	fixture-gated
alphagradients	1	AlphaGradientsGM.kt	PORTED	-	-	-	ported
analytic_gradients	1	AnalyticGradientShaderGM.kt	PORTED	-	gpu-raster/src/test/kotlin/org/skia/gpu/webgpu/AnalyticGradientShaderWebGpuTest.kt,skia-integration-tests/src/test/kotlin/org/skia/tests/AnalyticGradientShaderTest.kt,gpu-raster/src/test/kotlin/org/skia/gpu/webgpu/crossbackend/AnalyticGradientShaderCrossBackendTest.kt	-	ported
androidblendmodes	1	AndroidBlendModesGM.kt	PORTED	-	skia-integration-tests/src/test/kotlin/org/skia/tests/AndroidBlendModesTest.kt	-	ported
animated_gif	2	AnimCodecPlayerExifGM.kt,AnimatedGifGM.kt	PARTIAL	-	gpu-raster/src/test/kotlin/org/skia/gpu/webgpu/AnimCodecPlayerExifWebGpuTest.kt,skia-integration-tests/src/test/kotlin/org/skia/tests/AnimCodecPlayerExifTest.kt,gpu-raster/src/test/kotlin/org/skia/gpu/webgpu/crossbackend/AnimCodecPlayerExifCrossBackendTest.kt,skia-integration-tests/src/test/kotlin/org/skia/tests/AnimatedGifTest.kt	STUB.ANIM_CODEC_PLAYER	codec-gated
animated_image_orientation	1	AnimatedImageGM.kt	TEST_DISABLED	STUB.ANIMATED_IMAGE	gpu-raster/src/test/kotlin/org/skia/gpu/webgpu/AnimatedImageWebGpuTest.kt,skia-integration-tests/src/test/kotlin/org/skia/tests/AnimatedImageTest.kt,gpu-raster/src/test/kotlin/org/skia/gpu/webgpu/crossbackend/AnimatedImageCrossBackendTest.kt	STUB.ANIMATED_IMAGE,STUB.FIXTURE	codec-gated
animatedimageblurs	3	AnimatedBackdropBlurGM.kt,AnimatedImageBlursGM.kt,AnimatedTiledImageBlurGM.kt	PORTED	-	skia-integration-tests/src/test/kotlin/org/skia/tests/AnimatedBackdropBlurTest.kt,skia-integration-tests/src/test/kotlin/org/skia/tests/AnimatedImageBlursTest.kt,skia-integration-tests/src/test/kotlin/org/skia/tests/AnimatedTiledImageBlurTest.kt	-	ported
anisotropic	2	AnisoMipsGM.kt,AnisotropicGM.kt	PARTIAL	-	gpu-raster/src/test/kotlin/org/skia/gpu/webgpu/AnisotropicWebGpuTest.kt,skia-integration-tests/src/test/kotlin/org/skia/tests/AnisoMipsTest.kt,skia-integration-tests/src/test/kotlin/org/skia/tests/AnisotropicTest.kt,gpu-raster/src/test/kotlin/org/skia/gpu/webgpu/crossbackend/AnisotropicCrossBackendTest.kt	ALIAS	alias
annotated_text	1	AnnotatedTextGM.kt	PORTED	-	skia-integration-tests/src/test/kotlin/org/skia/tests/AnnotatedTextTest.kt	-	ported
arcofzorro	1	ArcOfZorroGM.kt	PORTED	-	gpu-raster/src/test/kotlin/org/skia/gpu/webgpu/ArcOfZorroWebGpuTest.kt,skia-integration-tests/src/test/kotlin/org/skia/tests/ArcOfZorroTest.kt,gpu-raster/src/test/kotlin/org/skia/gpu/webgpu/crossbackend/ArcOfZorroCrossBackendTest.kt	-	ported
arcto	4	ArcToGM.kt,Bug583299GM.kt,Bug593049GM.kt,ParsedPathsGM.kt	PARTIAL	-	gpu-raster/src/test/kotlin/org/skia/gpu/webgpu/ArcToWebGpuTest.kt,skia-integration-tests/src/test/kotlin/org/skia/tests/ArcToTest.kt,gpu-raster/src/test/kotlin/org/skia/gpu/webgpu/crossbackend/ArcToCrossBackendTest.kt,skia-integration-tests/src/test/kotlin/org/skia/tests/Bug583299Test.kt,skia-integration-tests/src/test/kotlin/org/skia/tests/Bug593049Test.kt,skia-integration-tests/src/test/kotlin/org/skia/tests/ParsedPathsTest.kt	MISSING_FIXTURE	fixture-gated
arithmode	2	ArithmodeBlenderGM.kt,ArithmodeGM.kt	PORTED	-	-	-	ported
asyncrescaleandread	4	AsyncRescaleAndReadAlphaTypeGM.kt,AsyncRescaleAndReadNoBleedGM.kt,AyncYUVNoScaleGM.kt	PARTIAL	STUB.ASYNC_RESCALE_READ,STUB.ASYNC_RESCALE_READ_YUV	gpu-raster/src/test/kotlin/org/skia/gpu/webgpu/AsyncRescaleAndReadAlphaTypeWebGpuTest.kt,skia-integration-tests/src/test/kotlin/org/skia/tests/AsyncRescaleAndReadAlphaTypeTest.kt,gpu-raster/src/test/kotlin/org/skia/gpu/webgpu/crossbackend/AsyncRescaleAndReadAlphaTypeCrossBackendTest.kt,skia-integration-tests/src/test/kotlin/org/skia/tests/AsyncRescaleAndReadNoBleedTest.kt,gpu-raster/src/test/kotlin/org/skia/gpu/webgpu/AsyncRescaleAndReadNoBleedWebGpuTest.kt,gpu-raster/src/test/kotlin/org/skia/gpu/webgpu/crossbackend/AsyncRescaleAndReadNoBleedCrossBackendTest.kt,skia-integration-tests/src/test/kotlin/org/skia/tests/AyncYUVNoScaleTest.kt,gpu-raster/src/test/kotlin/org/skia/gpu/webgpu/AyncYUVNoScaleWebGpuTest.kt,gpu-raster/src/test/kotlin/org/skia/gpu/webgpu/crossbackend/AyncYUVNoScaleCrossBackendTest.kt	STUB.ASYNC_RESCALE_AND_READ,STUB.ASYNC_RESCALE_AND_READ_YUV	codec-gated
attributes	1	AttributesGM.kt	STUB	STUB.GANESH_INTERNAL	skia-integration-tests/src/test/kotlin/org/skia/tests/AttributesTest.kt	STUB.GANESH_INTERNAL	gpu-intractable
b_119394958	1	B119394958GM.kt	PORTED	-	gpu-raster/src/test/kotlin/org/skia/gpu/webgpu/B119394958WebGpuTest.kt,skia-integration-tests/src/test/kotlin/org/skia/tests/B119394958Test.kt,gpu-raster/src/test/kotlin/org/skia/gpu/webgpu/crossbackend/B119394958CrossBackendTest.kt	-	ported
backdrop	2	BackdropHintrectClippingGM.kt,BackdropScalefactorGM.kt	PORTED	-	skia-integration-tests/src/test/kotlin/org/skia/tests/BackdropHintrectClippingTest.kt,skia-integration-tests/src/test/kotlin/org/skia/tests/BackdropScalefactorTest.kt	-	ported
backdrop_imagefilter_croprect	5	BackdropImagefilterCroprectGM.kt,BackdropImagefilterCroprectVariantsGM.kt	PORTED	-	skia-integration-tests/src/test/kotlin/org/skia/tests/BackdropImagefilterCroprectTest.kt,skia-integration-tests/src/test/kotlin/org/skia/tests/BackdropImagefilterCroprectVariantsTest.kt	-	ported
badpaint	1	BadPaintGM.kt	PORTED	-	-	-	ported
batchedconvexpaths	1	BatchedConvexPathsGM.kt	PORTED	-	gpu-raster/src/test/kotlin/org/skia/gpu/webgpu/BatchedConvexPathsWebGpuTest.kt,skia-integration-tests/src/test/kotlin/org/skia/tests/BatchedConvexPathsTest.kt,gpu-raster/src/test/kotlin/org/skia/gpu/webgpu/crossbackend/BatchedConvexPathsCrossBackendTest.kt	-	ported
bc1_transparency	1	BC1TransparencyGM.kt	TEST_DISABLED	STUB.COMPRESSED_TEXTURES	gpu-raster/src/test/kotlin/org/skia/gpu/webgpu/BC1TransparencyWebGpuTest.kt,skia-integration-tests/src/test/kotlin/org/skia/tests/BC1TransparencyTest.kt,gpu-raster/src/test/kotlin/org/skia/gpu/webgpu/crossbackend/BC1TransparencyCrossBackendTest.kt	STUB.COMPRESSED_TEXTURES	codec-gated
beziereffects	2	BezierEffectsGM.kt	TEST_DISABLED	INTRACTABLE.GANESH_EFFECT,STUB.GANESH_BEZIER_EFFECT	skia-integration-tests/src/test/kotlin/org/skia/tests/BezierEffectsTest.kt	INTRACTABLE.GANESH_EFFECT,STUB.GANESH_BEZIER_EFFECT	gpu-intractable
beziers	1	BeziersGM.kt	PORTED	-	gpu-raster/src/test/kotlin/org/skia/gpu/webgpu/BeziersWebGpuTest.kt,skia-integration-tests/src/test/kotlin/org/skia/tests/BeziersTest.kt,gpu-raster/src/test/kotlin/org/skia/gpu/webgpu/crossbackend/BeziersCrossBackendTest.kt	-	ported
bicubic	1	BicubicGM.kt	PORTED	-	skia-integration-tests/src/test/kotlin/org/skia/tests/BicubicTest.kt	-	ported
bigblurs	1	BigBlursGM.kt	PORTED	-	gpu-raster/src/test/kotlin/org/skia/gpu/webgpu/crossbackend/BigBlursCrossBackendTest.kt	-	ported
bigmatrix	1	BigMatrixGM.kt	PORTED	-	gpu-raster/src/test/kotlin/org/skia/gpu/webgpu/crossbackend/BigMatrixCrossBackendTest.kt	-	ported
bigrect	1	BigRectGM.kt	PORTED	-	gpu-raster/src/test/kotlin/org/skia/gpu/webgpu/BigRectWebGpuTest.kt,skia-integration-tests/src/test/kotlin/org/skia/tests/BigRectTest.kt,gpu-raster/src/test/kotlin/org/skia/gpu/webgpu/crossbackend/BigRectCrossBackendTest.kt	-	ported
bigrrectaaeffect	1	-	MISSING	-	-	-	missing-mapping
bigtext	2	BigTextCrbug1370488GM.kt,BigTextGM.kt	PORTED	-	skia-integration-tests/src/test/kotlin/org/skia/tests/BigTextCrbug1370488Test.kt,skia-integration-tests/src/test/kotlin/org/skia/tests/BigTextTest.kt	-	ported
bigtileimagefilter	1	BigTileImageFilterGM.kt	PORTED	-	skia-integration-tests/src/test/kotlin/org/skia/tests/BigTileImageFilterTest.kt	-	ported
bitmapcopy	1	BitmapCopyGM.kt	PORTED	-	skia-integration-tests/src/test/kotlin/org/skia/tests/BitmapCopyTest.kt	-	ported
bitmapfilters	2	FilterGM.kt,TestExtractAlphaGM.kt	PORTED	-	gpu-raster/src/test/kotlin/org/skia/gpu/webgpu/TestExtractAlphaWebGpuTest.kt,skia-integration-tests/src/test/kotlin/org/skia/tests/TestExtractAlphaTest.kt,gpu-raster/src/test/kotlin/org/skia/gpu/webgpu/crossbackend/TestExtractAlphaCrossBackendTest.kt	-	ported
bitmapimage	1	BitmapImageGM.kt	PORTED	-	skia-integration-tests/src/test/kotlin/org/skia/tests/BitmapImageTest.kt	-	ported
bitmappremul	2	BitmapPremulGM.kt,ImageOutOfGamutGM.kt	PORTED	-	skia-integration-tests/src/test/kotlin/org/skia/tests/BitmapPremulTest.kt,skia-integration-tests/src/test/kotlin/org/skia/tests/ImageOutOfGamutTest.kt	-	ported
bitmaprect	4	BitmapRectRoundingGM.kt,DrawBitmapRect2GM.kt,DrawBitmapRect4GM.kt	PARTIAL	-	gpu-raster/src/test/kotlin/org/skia/gpu/webgpu/BitmapRectRoundingWebGpuTest.kt,skia-integration-tests/src/test/kotlin/org/skia/tests/BitmapRectRoundingTest.kt,gpu-raster/src/test/kotlin/org/skia/gpu/webgpu/crossbackend/BitmapRectRoundingCrossBackendTest.kt,skia-integration-tests/src/test/kotlin/org/skia/tests/DrawBitmapRect2GMTest.kt,skia-integration-tests/src/test/kotlin/org/skia/tests/DrawBitmapRect4GMTest.kt	-	slow-or-reference
bitmaprecttest	1	BitmapRectTestGM.kt	PORTED	-	gpu-raster/src/test/kotlin/org/skia/gpu/webgpu/BitmapRectTestWebGpuTest.kt,gpu-raster/src/test/kotlin/org/skia/gpu/webgpu/crossbackend/BitmapRectTestCrossBackendTest.kt	-	ported
bitmapshader	2	BitmapShaderGM.kt,HugeBitmapShaderGM.kt	PARTIAL	-	gpu-raster/src/test/kotlin/org/skia/gpu/webgpu/BitmapShaderWebGpuTest.kt,skia-integration-tests/src/test/kotlin/org/skia/tests/BitmapShaderTest.kt,gpu-raster/src/test/kotlin/org/skia/gpu/webgpu/crossbackend/BitmapShaderCrossBackendTest.kt,skia-integration-tests/src/test/kotlin/org/skia/tests/HugeBitmapShaderTest.kt	ALIAS	alias
bitmaptiled	4	BitmapTiledGM.kt	TEST_DISABLED	INTRACTABLE.GPU_ONLY	skia-integration-tests/src/test/kotlin/org/skia/tests/BitmapTiledTest.kt	INTRACTABLE.GPU_ONLY,SLOW.GM_STRESS	gpu-intractable
bleed	2	BleedDownscaleGM.kt,SrcRectConstraintGM.kt	PARTIAL	-	gpu-raster/src/test/kotlin/org/skia/gpu/webgpu/SrcRectConstraintWebGpuTest.kt,skia-integration-tests/src/test/kotlin/org/skia/tests/BleedDownscaleTest.kt,skia-integration-tests/src/test/kotlin/org/skia/tests/SrcRectConstraintTest.kt,gpu-raster/src/test/kotlin/org/skia/gpu/webgpu/crossbackend/SrcRectConstraintCrossBackendTest.kt	STUB.SRC_RECT_CONSTRAINT	implementation
blurcircles	1	BlurCirclesGM.kt	PORTED	-	gpu-raster/src/test/kotlin/org/skia/gpu/webgpu/crossbackend/BlurCirclesCrossBackendTest.kt,skia-integration-tests/src/test/kotlin/org/skia/tests/BlurCirclesTest.kt	-	ported
blurcircles2	1	BlurCircles2GM.kt	PORTED	-	skia-integration-tests/src/test/kotlin/org/skia/tests/BlurCircles2Test.kt	-	ported
blurignorexform	1	BlurIgnoreXformGM.kt	PORTED	-	skia-integration-tests/src/test/kotlin/org/skia/tests/BlurIgnoreXformTest.kt	-	ported
blurimagevmask	2	BlurImageGM.kt,BlurImageVMaskGM.kt	PORTED	-	gpu-raster/src/test/kotlin/org/skia/gpu/webgpu/crossbackend/BlurImageCrossBackendTest.kt,skia-integration-tests/src/test/kotlin/org/skia/tests/BlurImageTest.kt,skia-integration-tests/src/test/kotlin/org/skia/tests/BlurImageVMaskTest.kt	-	ported
blurpositioning	1	BlurPositioningGM.kt	PORTED	-	gpu-raster/src/test/kotlin/org/skia/gpu/webgpu/crossbackend/BlurPositioningCrossBackendTest.kt,skia-integration-tests/src/test/kotlin/org/skia/tests/BlurPositioningTest.kt	-	ported
blurquickreject	1	BlurQuickRejectGM.kt	PORTED	-	gpu-raster/src/test/kotlin/org/skia/gpu/webgpu/crossbackend/BlurQuickRejectCrossBackendTest.kt	-	ported
blurrect	4	BlurMatrixRectGM.kt,BlurRectCompareGM.kt,BlurRectGM.kt,BlurRectGalleryGM.kt	PARTIAL	STUB.BLURRECT_GALLERY	gpu-raster/src/test/kotlin/org/skia/gpu/webgpu/BlurRectCompareWebGpuTest.kt,skia-integration-tests/src/test/kotlin/org/skia/tests/BlurMatrixRectTest.kt,skia-integration-tests/src/test/kotlin/org/skia/tests/BlurRectCompareTest.kt,gpu-raster/src/test/kotlin/org/skia/gpu/webgpu/crossbackend/BlurRectCompareCrossBackendTest.kt,skia-integration-tests/src/test/kotlin/org/skia/tests/BlurRectTest.kt,gpu-raster/src/test/kotlin/org/skia/gpu/webgpu/BlurRectWebGpuTest.kt,gpu-raster/src/test/kotlin/org/skia/gpu/webgpu/crossbackend/BlurRectCrossBackendTest.kt,skia-integration-tests/src/test/kotlin/org/skia/tests/BlurRectGalleryTest.kt	STUB.BLURRECT_GALLERY,STUB.BLUR_RECTS_FULL,STUB.BLUR_RECT_COMPARE	implementation
blurredclippedcircle	1	BlurredClippedCircleGM.kt	PORTED	-	-	-	ported
blurroundrect	2	BlurLargeRRectsGM.kt,SimpleBlurRoundRectGM.kt	PORTED	-	-	-	ported
blurs	7	Blur2RectsGM.kt,Blur2RectsNonNinepatchGM.kt,BlurBigSigmaGM.kt,BlurDrawImageGM.kt,BlurSmallSigmaGM.kt,BlursGM.kt,TiledBlurBigSigmaGM.kt	PARTIAL	-	gpu-raster/src/test/kotlin/org/skia/gpu/webgpu/crossbackend/Blur2RectsCrossBackendTest.kt,gpu-raster/src/test/kotlin/org/skia/gpu/webgpu/crossbackend/Blur2RectsNonNinepatchCrossBackendTest.kt,skia-integration-tests/src/test/kotlin/org/skia/tests/BlurBigSigmaTest.kt,skia-integration-tests/src/test/kotlin/org/skia/tests/BlurDrawImageTest.kt,skia-integration-tests/src/test/kotlin/org/skia/tests/BlurSmallSigmaTest.kt,gpu-raster/src/test/kotlin/org/skia/gpu/webgpu/crossbackend/BlurSmallSigmaCrossBackendTest.kt,skia-integration-tests/src/test/kotlin/org/skia/tests/BlursTest.kt,skia-integration-tests/src/test/kotlin/org/skia/tests/TiledBlurBigSigmaTest.kt	SLOW.GM_STRESS	slow-or-reference
blurtextsmallradii	1	BlurTextSmallRadiiGM.kt	PORTED	-	skia-integration-tests/src/test/kotlin/org/skia/tests/BlurTextSmallRadiiTest.kt	-	ported
bmpfilterqualityrepeat	1	BmpFilterQualityRepeatGM.kt	PORTED	-	skia-integration-tests/src/test/kotlin/org/skia/tests/BmpFilterQualityRepeatTest.kt	-	ported
bug12866	3	Bug12866GM.kt,Bug40810065GM.kt,Bug41422450GM.kt	PORTED	-	gpu-raster/src/test/kotlin/org/skia/gpu/webgpu/Bug12866WebGpuTest.kt,gpu-raster/src/test/kotlin/org/skia/gpu/webgpu/crossbackend/Bug12866CrossBackendTest.kt,skia-integration-tests/src/test/kotlin/org/skia/tests/Bug41422450Test.kt	-	ported
bug5252	1	Bug5252GM.kt	PORTED	-	gpu-raster/src/test/kotlin/org/skia/gpu/webgpu/crossbackend/Bug5252CrossBackendTest.kt	-	ported
bug530095	2	Bug530095GM.kt,Bug591993GM.kt	PORTED	-	gpu-raster/src/test/kotlin/org/skia/gpu/webgpu/crossbackend/Bug530095CrossBackendTest.kt,gpu-raster/src/test/kotlin/org/skia/gpu/webgpu/crossbackend/Bug591993CrossBackendTest.kt	-	ported
bug615686	1	Bug615686GM.kt	PORTED	-	skia-integration-tests/src/test/kotlin/org/skia/tests/Bug615686Test.kt	-	ported
bug6643	1	Bug6643GM.kt	PORTED	-	skia-integration-tests/src/test/kotlin/org/skia/tests/Bug6643Test.kt	-	ported
bug6783	1	Bug6783GM.kt	PORTED	-	-	-	ported
bug9331	1	Bug9331GM.kt	PORTED	-	-	-	ported
circle_sizes	1	CircleSizesGM.kt	PORTED	-	gpu-raster/src/test/kotlin/org/skia/gpu/webgpu/CircleSizesWebGpuTest.kt,skia-integration-tests/src/test/kotlin/org/skia/tests/CircleSizesTest.kt,gpu-raster/src/test/kotlin/org/skia/gpu/webgpu/crossbackend/CircleSizesCrossBackendTest.kt	-	ported
circulararcs	7	Bug406747427GM.kt,CircularArcStrokeMatrixGM.kt,CircularArcsWeirdGM.kt,Crbug1472747GM.kt,Crbug888453GM.kt,OneBadArcGM.kt	PARTIAL	-	gpu-raster/src/test/kotlin/org/skia/gpu/webgpu/Crbug1472747WebGpuTest.kt,gpu-raster/src/test/kotlin/org/skia/gpu/webgpu/crossbackend/Crbug1472747CrossBackendTest.kt,gpu-raster/src/test/kotlin/org/skia/gpu/webgpu/crossbackend/Crbug888453CrossBackendTest.kt,gpu-raster/src/test/kotlin/org/skia/gpu/webgpu/OneBadArcWebGpuTest.kt	-	partial-coverage
circularclips	1	CircularClipsGM.kt	PORTED	-	-	-	ported
clear_swizzle	1	ClearSwizzleGM.kt	TEST_DISABLED	INTRACTABLE.GPU_ONLY,STUB.CLEAR_SWIZZLE_GPU	skia-integration-tests/src/test/kotlin/org/skia/tests/ClearSwizzleTest.kt	STUB.CLEAR_SWIZZLE_GPU	gpu-intractable
clip_error	1	ClipErrorGM.kt	PORTED	-	skia-integration-tests/src/test/kotlin/org/skia/tests/ClipErrorTest.kt	-	ported
clip_sierpinski_region	1	ClipSierpinskiRegionGM.kt	PORTED	-	skia-integration-tests/src/test/kotlin/org/skia/tests/ClipSierpinskiRegionTest.kt	-	ported
clip_strokerect	1	ClipStrokeRectGM.kt	PORTED	-	gpu-raster/src/test/kotlin/org/skia/gpu/webgpu/ClipStrokeRectWebGpuTest.kt,skia-integration-tests/src/test/kotlin/org/skia/tests/ClipStrokeRectTest.kt,gpu-raster/src/test/kotlin/org/skia/gpu/webgpu/crossbackend/ClipStrokeRectCrossBackendTest.kt	-	ported
clipdrawdraw	2	ClipDrawDrawGM.kt,ClipRegionGM.kt	PORTED	-	gpu-raster/src/test/kotlin/org/skia/gpu/webgpu/ClipDrawDrawWebGpuTest.kt,skia-integration-tests/src/test/kotlin/org/skia/tests/ClipDrawDrawTest.kt,gpu-raster/src/test/kotlin/org/skia/gpu/webgpu/crossbackend/ClipDrawDrawCrossBackendTest.kt,skia-integration-tests/src/test/kotlin/org/skia/tests/ClipRegionTest.kt	-	ported
clippedbitmapshaders	1	ClippedBitmapShadersGM.kt	PORTED	-	gpu-raster/src/test/kotlin/org/skia/gpu/webgpu/ClippedBitmapShadersWebGpuTest.kt,skia-integration-tests/src/test/kotlin/org/skia/tests/ClippedBitmapShadersTest.kt,gpu-raster/src/test/kotlin/org/skia/gpu/webgpu/crossbackend/ClippedBitmapShadersCrossBackendTest.kt	-	ported
clipshader	1	ClipShaderGM.kt	PORTED	-	skia-integration-tests/src/test/kotlin/org/skia/tests/ClipShaderTest.kt	-	ported
clockwise	1	ClockwiseGM.kt	TEST_DISABLED	STUB.GPU_CLOCKWISE	skia-integration-tests/src/test/kotlin/org/skia/tests/ClockwiseTest.kt	STUB.GPU_CLOCKWISE	gpu-intractable
closedcappedhairlines	3	HairlinesButtcapGM.kt,HairlinesRoundcapGM.kt,HairlinesSquarecapGM.kt	PORTED	-	skia-integration-tests/src/test/kotlin/org/skia/tests/HairlinesButtcapTest.kt,skia-integration-tests/src/test/kotlin/org/skia/tests/HairlinesRoundcapTest.kt,skia-integration-tests/src/test/kotlin/org/skia/tests/HairlinesSquarecapTest.kt	-	ported
collapsepaths	1	CollapsePathsGM.kt	PORTED	-	gpu-raster/src/test/kotlin/org/skia/gpu/webgpu/crossbackend/CollapsePathsCrossBackendTest.kt	-	ported
color4f	3	Color4blendcfGM.kt,Color4fGM.kt,Color4shaderGM.kt	PARTIAL	STUB.COLOR4F_BLEND_CF	skia-integration-tests/src/test/kotlin/org/skia/tests/Color4blendcfTest.kt,skia-integration-tests/src/test/kotlin/org/skia/tests/Color4fTest.kt,skia-integration-tests/src/test/kotlin/org/skia/tests/Color4shaderTest.kt	STUB.COLOR4F_BLEND_CF	implementation
coloremoji	1	ColorEmojiGM.kt	TEST_DISABLED	STUB.EMOJI_TABLES	gpu-raster/src/test/kotlin/org/skia/gpu/webgpu/ColorEmojiWebGpuTest.kt,skia-integration-tests/src/test/kotlin/org/skia/tests/ColorEmojiTest.kt,gpu-raster/src/test/kotlin/org/skia/gpu/webgpu/crossbackend/ColorEmojiCrossBackendTest.kt	STUB.EMOJI_TABLES	font-gated
coloremoji_blendmodes	1	-	MISSING	-	-	-	missing-mapping
colorfilteralpha8	1	ColorFilterAlpha8GM.kt	PORTED	-	gpu-raster/src/test/kotlin/org/skia/gpu/webgpu/crossbackend/ColorFilterAlpha8CrossBackendTest.kt,skia-integration-tests/src/test/kotlin/org/skia/tests/ColorFilterAlpha8Test.kt	-	ported
colorfilterimagefilter	3	ColorFilterImageFilterGM.kt,ColorFilterImageFilterLayerGM.kt,ColorFilterShaderGM.kt	PARTIAL	STUB.MAKE_WITH_COLOR_FILTER	skia-integration-tests/src/test/kotlin/org/skia/tests/ColorFilterImageFilterLayerTest.kt,skia-integration-tests/src/test/kotlin/org/skia/tests/ColorFilterImageFilterTest.kt,skia-integration-tests/src/test/kotlin/org/skia/tests/ColorFilterShaderTest.kt	STUB.MAKE_WITH_COLOR_FILTER	implementation
colorfilters	2	ColorFiltersGM.kt,HSLColorFilterGM.kt	PORTED	-	skia-integration-tests/src/test/kotlin/org/skia/tests/ColorFiltersTest.kt,skia-integration-tests/src/test/kotlin/org/skia/tests/HSLColorFilterTest.kt	-	ported
colormatrix	1	ColorMatrixGM.kt	PORTED	-	skia-integration-tests/src/test/kotlin/org/skia/tests/ColorMatrixTest.kt	-	ported
colorspace	2	Colorspace2GM.kt,ColorspaceGM.kt	PORTED	-	skia-integration-tests/src/test/kotlin/org/skia/tests/Colorspace2GMTest.kt,skia-integration-tests/src/test/kotlin/org/skia/tests/ColorspaceGMTest.kt	-	ported
colorwheel	3	ColorWheelAlphaTypesGM.kt,ColorWheelGM.kt,ColorWheelNativeGM.kt	PORTED	-	skia-integration-tests/src/test/kotlin/org/skia/tests/ColorWheelAlphaTypesTest.kt,skia-integration-tests/src/test/kotlin/org/skia/tests/ColorWheelTest.kt,skia-integration-tests/src/test/kotlin/org/skia/tests/ColorWheelNativeTest.kt	-	ported
colrv1	1	ColrV1GM.kt	TEST_DISABLED	STUB.COLR_V1,STUB.FIXTURE,STUB.FONTATIONS	skia-integration-tests/src/test/kotlin/org/skia/tests/ColrV1Test.kt	STUB.COLR_V1,STUB.FIXTURE,STUB.FONTATIONS	font-gated
complexclip	6	ClipShaderComplexClipGM.kt,ClipShaderPerspGM.kt,ComplexClipGM.kt	PARTIAL	STUB.POLY_TO_POLY	skia-integration-tests/src/test/kotlin/org/skia/tests/ClipShaderComplexClipTest.kt,skia-integration-tests/src/test/kotlin/org/skia/tests/ClipShaderPerspTest.kt,skia-integration-tests/src/test/kotlin/org/skia/tests/ComplexClipTest.kt	STUB.POLY_TO_POLY	implementation
complexclip2	1	ComplexClip2GM.kt	PORTED	-	skia-integration-tests/src/test/kotlin/org/skia/tests/ComplexClip2Test.kt	-	ported
complexclip3	1	ComplexClip3GM.kt	PORTED	-	-	-	ported
complexclip4	1	ComplexClip4GM.kt	PORTED	-	-	-	ported
complexclip_blur_tiled	1	ComplexClipBlurTiledGM.kt	PORTED	-	skia-integration-tests/src/test/kotlin/org/skia/tests/ComplexClipBlurTiledTest.kt	-	ported
composecolorfilter	2	ComposeColorFilterGM.kt	PORTED	-	-	-	ported
composeshader	5	ComposeShaderAlphaGM.kt,ComposeShaderBitmap2GM.kt,ComposeShaderBitmapGM.kt,ComposeShaderGM.kt,ComposeShaderGridGM.kt	PARTIAL	-	gpu-raster/src/test/kotlin/org/skia/gpu/webgpu/ComposeShaderAlphaWebGpuTest.kt,skia-integration-tests/src/test/kotlin/org/skia/tests/ComposeShaderAlphaTest.kt,gpu-raster/src/test/kotlin/org/skia/gpu/webgpu/crossbackend/ComposeShaderAlphaCrossBackendTest.kt,skia-integration-tests/src/test/kotlin/org/skia/tests/ComposeShaderBitmap2Test.kt,skia-integration-tests/src/test/kotlin/org/skia/tests/ComposeShaderBitmapTest.kt,skia-integration-tests/src/test/kotlin/org/skia/tests/ComposeShaderTest.kt,skia-integration-tests/src/test/kotlin/org/skia/tests/ComposeShaderGridTest.kt	STUB.COMPOSE_SHADER	implementation
compositor_quads	1	CompositorGM.kt	TEST_DISABLED	STUB.EDGE_AA_IMAGE_SET	gpu-raster/src/test/kotlin/org/skia/gpu/webgpu/CompositorWebGpuTest.kt,skia-integration-tests/src/test/kotlin/org/skia/tests/CompositorTest.kt,gpu-raster/src/test/kotlin/org/skia/gpu/webgpu/crossbackend/CompositorCrossBackendTest.kt	ALIAS	alias
compressed_textures	1	CompressedTexturesGM.kt	TEST_DISABLED	-	gpu-raster/src/test/kotlin/org/skia/gpu/webgpu/CompressedTexturesWebGpuTest.kt,skia-integration-tests/src/test/kotlin/org/skia/tests/CompressedTexturesTest.kt,gpu-raster/src/test/kotlin/org/skia/gpu/webgpu/crossbackend/CompressedTexturesCrossBackendTest.kt	STUB.COMPRESSED_TEXTURES	codec-gated
concavepaths	1	ConcavePathsGM.kt	PORTED	-	gpu-raster/src/test/kotlin/org/skia/gpu/webgpu/ConcavePathsWebGpuTest.kt,skia-integration-tests/src/test/kotlin/org/skia/tests/ConcavePathsTest.kt,gpu-raster/src/test/kotlin/org/skia/gpu/webgpu/crossbackend/ConcavePathsCrossBackendTest.kt	-	ported
conicpaths	5	ArcCircleGapGM.kt,ConicPathsGM.kt,Crbug640176GM.kt,LargeCircleGM.kt,LargeOvalsGM.kt	PORTED	-	gpu-raster/src/test/kotlin/org/skia/gpu/webgpu/ArcCircleGapWebGpuTest.kt,skia-integration-tests/src/test/kotlin/org/skia/tests/ArcCircleGapTest.kt,gpu-raster/src/test/kotlin/org/skia/gpu/webgpu/crossbackend/ArcCircleGapCrossBackendTest.kt,skia-integration-tests/src/test/kotlin/org/skia/tests/ConicPathsTest.kt,gpu-raster/src/test/kotlin/org/skia/gpu/webgpu/crossbackend/ConicPathsCrossBackendTest.kt,skia-integration-tests/src/test/kotlin/org/skia/tests/Crbug640176Test.kt,gpu-raster/src/test/kotlin/org/skia/gpu/webgpu/crossbackend/Crbug640176CrossBackendTest.kt,skia-integration-tests/src/test/kotlin/org/skia/tests/LargeCircleTest.kt,gpu-raster/src/test/kotlin/org/skia/gpu/webgpu/crossbackend/LargeCircleCrossBackendTest.kt,skia-integration-tests/src/test/kotlin/org/skia/tests/LargeOvalsTest.kt	-	ported
constcolorprocessor	1	-	MISSING	-	-	-	missing-mapping
convex_all_line_paths	1	ConvexLineOnlyPathsGM.kt	PORTED	-	-	-	ported
convexpaths	1	ConvexPathsGM.kt	PORTED	-	gpu-raster/src/test/kotlin/org/skia/gpu/webgpu/ConvexPathsWebGpuTest.kt,skia-integration-tests/src/test/kotlin/org/skia/tests/ConvexPathsTest.kt,gpu-raster/src/test/kotlin/org/skia/gpu/webgpu/crossbackend/ConvexPathsCrossBackendTest.kt	-	ported
convexpolyclip	1	ConvexPolyClipGM.kt	PORTED	-	skia-integration-tests/src/test/kotlin/org/skia/tests/ConvexPolyClipTest.kt	-	ported
convexpolyeffect	1	ConvexPolyEffectGM.kt	TEST_DISABLED	STUB.GPU_CONVEX_POLY_EFFECT	skia-integration-tests/src/test/kotlin/org/skia/tests/ConvexPolyEffectTest.kt	STUB.GPU_CONVEX_POLY_EFFECT	gpu-intractable
coordclampshader	1	CoordClampShaderGM.kt	PORTED	-	skia-integration-tests/src/test/kotlin/org/skia/tests/CoordClampShaderGMTest.kt	-	ported
copy_to_4444	2	CopyTo4444GM.kt,Format4444GM.kt	PORTED	-	skia-integration-tests/src/test/kotlin/org/skia/tests/CopyTo4444Test.kt,skia-integration-tests/src/test/kotlin/org/skia/tests/Format4444Test.kt	-	ported
crbug_1041204	1	Crbug10141204GM.kt	PORTED	-	gpu-raster/src/test/kotlin/org/skia/gpu/webgpu/crossbackend/Crbug10141204CrossBackendTest.kt,skia-integration-tests/src/test/kotlin/org/skia/tests/Crbug10141204Test.kt	-	ported
crbug_1073670	1	Crbug1073670GM.kt	PORTED	-	skia-integration-tests/src/test/kotlin/org/skia/tests/Crbug1073670Test.kt	-	ported
crbug_1086705	1	Crbug1086705GM.kt	PORTED	-	gpu-raster/src/test/kotlin/org/skia/gpu/webgpu/crossbackend/Crbug1086705CrossBackendTest.kt,skia-integration-tests/src/test/kotlin/org/skia/tests/Crbug1086705Test.kt	-	ported
crbug_1113794	1	Crbug1113794GM.kt	PORTED	-	gpu-raster/src/test/kotlin/org/skia/gpu/webgpu/crossbackend/Crbug1113794CrossBackendTest.kt	-	ported
crbug_1139750	1	Crbug1139750GM.kt	PORTED	-	gpu-raster/src/test/kotlin/org/skia/gpu/webgpu/crossbackend/Crbug1139750CrossBackendTest.kt,skia-integration-tests/src/test/kotlin/org/skia/tests/Crbug1139750Test.kt	-	ported
crbug_1156804	1	Crbug1156804GM.kt	PORTED	-	skia-integration-tests/src/test/kotlin/org/skia/tests/Crbug1156804Test.kt	-	ported
crbug_1162942	1	Crbug1162942GM.kt	PORTED	-	skia-integration-tests/src/test/kotlin/org/skia/tests/Crbug1162942Test.kt	-	ported
crbug_1167277	1	Crbug1167277GM.kt	PORTED	-	skia-integration-tests/src/test/kotlin/org/skia/tests/Crbug1167277Test.kt	-	ported
crbug_1174186	1	Crbug1174186GM.kt	PORTED	-	skia-integration-tests/src/test/kotlin/org/skia/tests/Crbug1174186Test.kt	-	ported
crbug_1174354	1	Crbug1174354GM.kt	PORTED	-	skia-integration-tests/src/test/kotlin/org/skia/tests/Crbug1174354Test.kt	-	ported
crbug_1177833	1	Crbug1177833GM.kt	PORTED	-	skia-integration-tests/src/test/kotlin/org/skia/tests/Crbug1177833Test.kt	-	ported
crbug_1257515	1	Crbug1257515GM.kt	PORTED	-	gpu-raster/src/test/kotlin/org/skia/gpu/webgpu/crossbackend/Crbug1257515CrossBackendTest.kt,skia-integration-tests/src/test/kotlin/org/skia/tests/Crbug1257515Test.kt	-	ported
crbug_1313579	1	Crbug1313579GM.kt	PORTED	-	skia-integration-tests/src/test/kotlin/org/skia/tests/Crbug1313579Test.kt	-	ported
crbug_224618	1	-	MISSING	-	-	-	missing-mapping
crbug_478659067	1	CrBug478659067GM.kt	TEST_DISABLED	INTRACTABLE.GRAPHITE_ONLY,STUB.CANVAS_GET_BASE_LAYER_SIZE,STUB.CANVAS_IMAGE_INFO,STUB.GRAPHITE_CAPS_GLYPHS_AS_PATHS_FONT_SIZE,STUB.GRAPHITE_RECORDER,STUB.GRAPHITE_RENDER_TARGET,STUB.GRAPHITE_SURFACE_DRAW	skia-integration-tests/src/test/kotlin/org/skia/tests/CrBug478659067GMTest.kt	INTRACTABLE.GRAPHITE_ONLY,STUB.CANVAS_GET_BASE_LAYER_SIZE,STUB.CANVAS_IMAGE_INFO,STUB.GRAPHITE_CAPS_GLYPHS_AS_PATHS_FONT_SIZE,STUB.GRAPHITE_RECORDER,STUB.GRAPHITE_RENDER_TARGET,STUB.GRAPHITE_SURFACE_DRAW	gpu-intractable
crbug_691386	1	Crbug691386GM.kt	PORTED	-	skia-integration-tests/src/test/kotlin/org/skia/tests/Crbug691386Test.kt	-	ported
crbug_788500	1	Crbug788500GM.kt	PORTED	-	gpu-raster/src/test/kotlin/org/skia/gpu/webgpu/crossbackend/Crbug788500CrossBackendTest.kt,skia-integration-tests/src/test/kotlin/org/skia/tests/Crbug788500Test.kt	-	ported
crbug_847759	1	Crbug847759GM.kt	PORTED	-	gpu-raster/src/test/kotlin/org/skia/gpu/webgpu/crossbackend/Crbug847759CrossBackendTest.kt,skia-integration-tests/src/test/kotlin/org/skia/tests/Crbug847759Test.kt	-	ported
crbug_884166	1	Crbug884166GM.kt	PORTED	-	gpu-raster/src/test/kotlin/org/skia/gpu/webgpu/crossbackend/Crbug884166CrossBackendTest.kt,skia-integration-tests/src/test/kotlin/org/skia/tests/Crbug884166Test.kt	-	ported
crbug_887103	1	Crbug887103GM.kt	PORTED	-	gpu-raster/src/test/kotlin/org/skia/gpu/webgpu/crossbackend/Crbug887103CrossBackendTest.kt,skia-integration-tests/src/test/kotlin/org/skia/tests/Crbug887103Test.kt	-	ported
crbug_892988	1	Crbug892988GM.kt	PORTED	-	gpu-raster/src/test/kotlin/org/skia/gpu/webgpu/crossbackend/Crbug892988CrossBackendTest.kt	-	ported
crbug_899512	1	Crbug899512GM.kt	PORTED	-	gpu-raster/src/test/kotlin/org/skia/gpu/webgpu/crossbackend/Crbug899512CrossBackendTest.kt	-	ported
crbug_905548	1	Crbug905548GM.kt	PORTED	-	skia-integration-tests/src/test/kotlin/org/skia/tests/Crbug905548Test.kt	-	ported
crbug_908646	1	Crbug908646GM.kt	PORTED	-	gpu-raster/src/test/kotlin/org/skia/gpu/webgpu/crossbackend/Crbug908646CrossBackendTest.kt,skia-integration-tests/src/test/kotlin/org/skia/tests/Crbug908646Test.kt	-	ported
crbug_913349	1	Crbug913349GM.kt	PORTED	-	gpu-raster/src/test/kotlin/org/skia/gpu/webgpu/crossbackend/Crbug913349CrossBackendTest.kt,skia-integration-tests/src/test/kotlin/org/skia/tests/Crbug913349Test.kt	-	ported
crbug_918512	1	Crbug918512GM.kt	PORTED	-	skia-integration-tests/src/test/kotlin/org/skia/tests/Crbug918512Test.kt	-	ported
crbug_938592	1	Crbug938592GM.kt	PORTED	-	gpu-raster/src/test/kotlin/org/skia/gpu/webgpu/Crbug938592WebGpuTest.kt,skia-integration-tests/src/test/kotlin/org/skia/tests/Crbug938592Test.kt,gpu-raster/src/test/kotlin/org/skia/gpu/webgpu/crossbackend/Crbug938592CrossBackendTest.kt	-	ported
crbug_946965	1	Crbug946965GM.kt	PORTED	-	skia-integration-tests/src/test/kotlin/org/skia/tests/Crbug946965Test.kt	-	ported
crbug_947055	1	Crbug947055GM.kt	PORTED	-	skia-integration-tests/src/test/kotlin/org/skia/tests/Crbug947055Test.kt	-	ported
crbug_996140	1	Crbug996140GM.kt	PORTED	-	-	-	ported
crop_imagefilter	1	CropImageFilterGM.kt	PORTED	-	skia-integration-tests/src/test/kotlin/org/skia/tests/CropImageFilterGMTest.kt	-	ported
croppedrects	1	CroppedRectsGM.kt	PORTED	-	-	-	ported
crosscontextimage	1	CrossContextImageGM.kt	TEST_DISABLED	INTRACTABLE.GPU_ONLY,STUB.CROSS_CONTEXT_IMAGE	skia-integration-tests/src/test/kotlin/org/skia/tests/CrossContextImageTest.kt	STUB.CROSS_CONTEXT_IMAGE	gpu-intractable
cubicpaths	7	Bug5099GM.kt,Bug6083GM.kt,ClippedCubic2GM.kt,ClippedCubicGM.kt,CubicClosePathGM.kt,CubicPathGM.kt,CubicPathShaderGM.kt	PARTIAL	-	gpu-raster/src/test/kotlin/org/skia/gpu/webgpu/crossbackend/ClippedCubic2CrossBackendTest.kt,skia-integration-tests/src/test/kotlin/org/skia/tests/Bug5099Test.kt,skia-integration-tests/src/test/kotlin/org/skia/tests/Bug6083Test.kt,skia-integration-tests/src/test/kotlin/org/skia/tests/ClippedCubic2Test.kt,skia-integration-tests/src/test/kotlin/org/skia/tests/ClippedCubicTest.kt,gpu-raster/src/test/kotlin/org/skia/gpu/webgpu/crossbackend/ClippedCubicCrossBackendTest.kt,skia-integration-tests/src/test/kotlin/org/skia/tests/CubicClosePathTest.kt,skia-integration-tests/src/test/kotlin/org/skia/tests/CubicPathTest.kt,skia-integration-tests/src/test/kotlin/org/skia/tests/CubicPathShaderTest.kt	-	partial-coverage
daa	1	DaaGM.kt	PORTED	-	skia-integration-tests/src/test/kotlin/org/skia/tests/DaaTest.kt	-	ported
dashcircle	3	DashCircle2GM.kt,DashCircleGM.kt,MaddashGM.kt	PORTED	-	skia-integration-tests/src/test/kotlin/org/skia/tests/DashCircle2Test.kt,skia-integration-tests/src/test/kotlin/org/skia/tests/DashCircleTest.kt,skia-integration-tests/src/test/kotlin/org/skia/tests/MaddashTest.kt	-	ported
dashcubics	2	DashCubicsGM.kt,TrimGM.kt	PARTIAL	-	gpu-raster/src/test/kotlin/org/skia/gpu/webgpu/crossbackend/DashCubicsCrossBackendTest.kt,skia-integration-tests/src/test/kotlin/org/skia/tests/DashCubicsTest.kt,skia-integration-tests/src/test/kotlin/org/skia/tests/TrimTest.kt	-	implementation
dashing	13	DashBigRectsGM.kt,DashLineZeroOffIntervalGM.kt,DashTextCapsGM.kt,Dashing2GM.kt,Dashing3GM.kt,Dashing4GM.kt,Dashing5GM.kt,DashingGM.kt,LongLineDashGM.kt,LongPathDashGM.kt,LongWavyLineGM.kt,PathEffectEmptyResultGM.kt,ThinAaDashLinesGM.kt	PORTED	-	gpu-raster/src/test/kotlin/org/skia/gpu/webgpu/crossbackend/DashingCrossBackendTest.kt,skia-integration-tests/src/test/kotlin/org/skia/tests/DashBigRectsTest.kt,skia-integration-tests/src/test/kotlin/org/skia/tests/DashLineZeroOffIntervalTest.kt,skia-integration-tests/src/test/kotlin/org/skia/tests/DashTextCapsTest.kt,skia-integration-tests/src/test/kotlin/org/skia/tests/Dashing2Test.kt,skia-integration-tests/src/test/kotlin/org/skia/tests/Dashing3Test.kt,skia-integration-tests/src/test/kotlin/org/skia/tests/Dashing4Test.kt,skia-integration-tests/src/test/kotlin/org/skia/tests/Dashing5Test.kt,skia-integration-tests/src/test/kotlin/org/skia/tests/DashingTest.kt,skia-integration-tests/src/test/kotlin/org/skia/tests/LongLineDashTest.kt,skia-integration-tests/src/test/kotlin/org/skia/tests/LongPathDashTest.kt,skia-integration-tests/src/test/kotlin/org/skia/tests/LongWavyLineTest.kt,skia-integration-tests/src/test/kotlin/org/skia/tests/PathEffectEmptyResultTest.kt,skia-integration-tests/src/test/kotlin/org/skia/tests/ThinAaDashLinesTest.kt	-	ported
degeneratesegments	1	DegenerateSegmentsGM.kt	PORTED	-	skia-integration-tests/src/test/kotlin/org/skia/tests/DegenerateSegmentsTest.kt	-	ported
destcolor	1	DestColorGM.kt	PORTED	-	-	-	ported
dftext	1	DFTextGM.kt	TEST_DISABLED	STUB.DF_TEXT,STUB.EMOJI_TABLES	skia-integration-tests/src/test/kotlin/org/skia/tests/DFTextTest.kt	STUB.DF_TEXT	font-gated
dftext_blob_persp	1	DFTextBlobPerspGM.kt	TEST_DISABLED	STUB.DF_TEXT_RASTER	skia-integration-tests/src/test/kotlin/org/skia/tests/DFTextBlobPerspTest.kt	STUB.DF_TEXT_RASTER	implementation
discard	1	DiscardGM.kt	PORTED	-	skia-integration-tests/src/test/kotlin/org/skia/tests/DiscardTest.kt	-	ported
displacement	1	DisplacementMapGM.kt	PORTED	-	-	-	ported
distantclip	1	DistantClipGM.kt	PORTED	-	-	-	ported
draw_bitmap_rect_skbug4374	1	DrawBitmapRectSkbug4734GM.kt	PORTED	-	gpu-raster/src/test/kotlin/org/skia/gpu/webgpu/DrawBitmapRectSkbug4734WebGpuTest.kt,skia-integration-tests/src/test/kotlin/org/skia/tests/DrawBitmapRectSkbug4734Test.kt,gpu-raster/src/test/kotlin/org/skia/gpu/webgpu/crossbackend/DrawBitmapRectSkbug4734CrossBackendTest.kt	-	ported
drawable	1	DrawableGM.kt	PORTED	-	skia-integration-tests/src/test/kotlin/org/skia/tests/DrawableTest.kt	-	ported
drawatlas	5	BlobRSXformDistortableGM.kt,BlobRSXformGM.kt,CompareAtlasVerticesGM.kt,DrawAtlasGM.kt,DrawTextRSXformGM.kt	PARTIAL	STUB.RSXBLOB	skia-integration-tests/src/test/kotlin/org/skia/tests/BlobRSXformDistortableTest.kt,skia-integration-tests/src/test/kotlin/org/skia/tests/BlobRSXformTest.kt,skia-integration-tests/src/test/kotlin/org/skia/tests/CompareAtlasVerticesTest.kt,skia-integration-tests/src/test/kotlin/org/skia/tests/DrawAtlasTest.kt,skia-integration-tests/src/test/kotlin/org/skia/tests/DrawTextRSXformTest.kt	STUB.RSXBLOB	implementation
drawatlascolor	1	DrawAtlasColorsGM.kt	PORTED	-	-	-	ported
drawbitmaprect	1	DrawBitmapRectGM.kt	TEST_DISABLED	-	skia-integration-tests/src/test/kotlin/org/skia/tests/DrawBitmapRectGMTest.kt	SLOW.GM_STRESS	slow-or-reference
drawglyphs	1	DrawGlyphsGM.kt	PORTED	-	skia-integration-tests/src/test/kotlin/org/skia/tests/DrawGlyphsTest.kt	-	ported
drawimageset	3	DrawImageSetAlphaOnlyGM.kt,DrawImageSetGM.kt,DrawImageSetRectToRectGM.kt	TEST_DISABLED	STUB.EDGE_AA_IMAGE_SET	skia-integration-tests/src/test/kotlin/org/skia/tests/DrawImageSetAlphaOnlyTest.kt,skia-integration-tests/src/test/kotlin/org/skia/tests/DrawImageSetTest.kt,skia-integration-tests/src/test/kotlin/org/skia/tests/DrawImageSetRectToRectTest.kt	STUB.EDGE_AA_IMAGE_SET	implementation
drawlines_with_local_matrix	1	DrawlinesWithLocalMatrixGM.kt	PORTED	-	skia-integration-tests/src/test/kotlin/org/skia/tests/DrawlinesWithLocalMatrixTest.kt	-	ported
drawminibitmaprect	1	DrawMiniBitmapRectGM.kt	TEST_DISABLED	-	skia-integration-tests/src/test/kotlin/org/skia/tests/DrawMiniBitmapRectTest.kt	SLOW.GM_STRESS	slow-or-reference
drawquadset	1	DrawQuadSetGM.kt	TEST_DISABLED	-	skia-integration-tests/src/test/kotlin/org/skia/tests/DrawQuadSetTest.kt	STUB.EDGE_AA_QUAD	implementation
drawregion	1	DrawRegionGM.kt	PORTED	-	skia-integration-tests/src/test/kotlin/org/skia/tests/DrawRegionTest.kt	-	ported
drawregionmodes	1	DrawRegionModesGM.kt	PORTED	-	skia-integration-tests/src/test/kotlin/org/skia/tests/DrawRegionModesTest.kt	-	ported
dropshadowimagefilter	2	DropShadowImageFilterGM.kt,DropShadowPseudoPerspGM.kt	PORTED	-	skia-integration-tests/src/test/kotlin/org/skia/tests/DropShadowPseudoPerspTest.kt	-	ported
drrect	1	DRRectGM.kt	PORTED	-	skia-integration-tests/src/test/kotlin/org/skia/tests/DRRectTest.kt	-	ported
drrect_small_inner	1	DRRectSmallInnerGM.kt	PORTED	-	gpu-raster/src/test/kotlin/org/skia/gpu/webgpu/crossbackend/DRRectSmallInnerCrossBackendTest.kt,skia-integration-tests/src/test/kotlin/org/skia/tests/DRRectSmallInnerTest.kt	-	ported
dstreadshuffle	1	DstReadShuffleGM.kt	PORTED	-	skia-integration-tests/src/test/kotlin/org/skia/tests/DstReadShuffleTest.kt	-	ported
ducky_yuv_blend	1	DuckyYuvBlendGM.kt	TEST_DISABLED	STUB.LAZY_YUV_IMAGE	skia-integration-tests/src/test/kotlin/org/skia/tests/DuckyYuvBlendTest.kt	STUB.LAZY_YUV_IMAGE	codec-gated
emboss	3	EmbossGM.kt,EmbossmaskfilterGM.kt,SmallembossGM.kt	PORTED	-	skia-integration-tests/src/test/kotlin/org/skia/tests/EmbossTest.kt,skia-integration-tests/src/test/kotlin/org/skia/tests/EmbossmaskfilterTest.kt,skia-integration-tests/src/test/kotlin/org/skia/tests/SmallembossTest.kt	-	ported
emptypath	2	EmptyPathGM.kt,EmptyStrokeGM.kt	PORTED	-	skia-integration-tests/src/test/kotlin/org/skia/tests/EmptyPathTest.kt,skia-integration-tests/src/test/kotlin/org/skia/tests/EmptyStrokeTest.kt	-	ported
emptyshader	1	EmptyShaderGM.kt	PORTED	-	-	-	ported
encode	2	EncodeGM.kt	PARTIAL	-	skia-integration-tests/src/test/kotlin/org/skia/tests/EncodeTest.kt	-	partial-coverage
encode_alpha_jpeg	1	EncodeJpegAlphaOptsGM.kt	PORTED	-	skia-integration-tests/src/test/kotlin/org/skia/tests/EncodeJpegAlphaOptsTest.kt	-	ported
encode_color_types	1	EncodeColorTypesGM.kt	PORTED	-	skia-integration-tests/src/test/kotlin/org/skia/tests/EncodeColorTypesTest.kt	-	ported
encode_platform	1	EncodePlatformGM.kt	PORTED	-	skia-integration-tests/src/test/kotlin/org/skia/tests/EncodePlatformTest.kt	-	ported
encode_srgb	1	-	MISSING	-	-	-	missing-mapping
exoticformats	1	ExoticFormatsGM.kt	TEST_DISABLED	STUB.COMPRESSED_TEXTURES	skia-integration-tests/src/test/kotlin/org/skia/tests/ExoticFormatsTest.kt	STUB.COMPRESSED_TEXTURES	codec-gated
fadefilter	1	FadeFilterGM.kt	PORTED	-	-	-	ported
fatpathfill	1	FatPathFillGM.kt	PORTED	-	-	-	ported
fiddle	1	FiddleGM.kt	STUB	-	gpu-raster/src/test/kotlin/org/skia/gpu/webgpu/FiddleWebGpuTest.kt,skia-integration-tests/src/test/kotlin/org/skia/tests/FiddleTest.kt,gpu-raster/src/test/kotlin/org/skia/gpu/webgpu/crossbackend/FiddleCrossBackendTest.kt	-	implementation
fillrect_gradient	1	FillrectGradientGM.kt	PORTED	-	gpu-raster/src/test/kotlin/org/skia/gpu/webgpu/FillrectGradientWebGpuTest.kt,skia-integration-tests/src/test/kotlin/org/skia/tests/FillrectGradientTest.kt,gpu-raster/src/test/kotlin/org/skia/gpu/webgpu/crossbackend/FillrectGradientCrossBackendTest.kt	-	ported
filltypes	1	FillTypeGM.kt	PORTED	-	gpu-raster/src/test/kotlin/org/skia/gpu/webgpu/FillTypeWebGpuTest.kt	-	ported
filltypespersp	1	FillTypePerspGM.kt	PORTED	-	-	-	ported
filterbug	1	FilterBugGM.kt	PORTED	-	skia-integration-tests/src/test/kotlin/org/skia/tests/FilterBugTest.kt	-	ported
filterfastbounds	1	ImageFilterFastBoundGM.kt	PORTED	-	-	-	ported
filterindiabox	1	FilterIndiaBoxGM.kt	PORTED	-	skia-integration-tests/src/test/kotlin/org/skia/tests/FilterIndiaBoxTest.kt	-	ported
flippity	1	FlippityGM.kt	PORTED	-	skia-integration-tests/src/test/kotlin/org/skia/tests/FlippityTest.kt	-	ported
fontations	1	-	MISSING	-	-	-	missing-mapping
fontations_ft_compare	1	FontationsFtCompareGM.kt	TEST_DISABLED	STUB.FIXTURE,STUB.FONTATIONS,STUB.FREETYPE	skia-integration-tests/src/test/kotlin/org/skia/tests/FontationsFtCompareTest.kt	STUB.FONTATIONS	font-gated
fontcache	1	FontCacheGM.kt	PORTED	-	skia-integration-tests/src/test/kotlin/org/skia/tests/FontCacheTest.kt	-	ported
fontmgr	3	FontMgrBoundsGM.kt,FontMgrGM.kt,FontMgrMatchGM.kt	PORTED	-	skia-integration-tests/src/test/kotlin/org/skia/tests/FontMgrBoundsTest.kt,skia-integration-tests/src/test/kotlin/org/skia/tests/FontMgrTest.kt,skia-integration-tests/src/test/kotlin/org/skia/tests/FontMgrMatchTest.kt	-	ported
fontregen	2	BadAppleGM.kt,FontRegenGM.kt	PORTED	STUB.PATH_TORTURE_ASSET	gpu-raster/src/test/kotlin/org/skia/gpu/webgpu/BadAppleWebGpuTest.kt,skia-integration-tests/src/test/kotlin/org/skia/tests/BadAppleTest.kt,gpu-raster/src/test/kotlin/org/skia/gpu/webgpu/crossbackend/BadAppleCrossBackendTest.kt,skia-integration-tests/src/test/kotlin/org/skia/tests/FontRegenTest.kt	STUB.PATH_TORTURE_ASSET	ported
fontscaler	1	FontScalerGM.kt	PORTED	-	skia-integration-tests/src/test/kotlin/org/skia/tests/FontScalerTest.kt	-	ported
fontscalerdistortable	1	FontScalerDistortableGM.kt	PORTED	-	skia-integration-tests/src/test/kotlin/org/skia/tests/FontScalerDistortableTest.kt	-	ported
fp_sample_chaining	1	FpSampleChainingGM.kt	TEST_DISABLED	STUB.GR_FRAGMENT_PROCESSOR	skia-integration-tests/src/test/kotlin/org/skia/tests/FpSampleChainingTest.kt	STUB.GR_FRAGMENT_PROCESSOR	gpu-intractable
fpcoordinateoverride	1	FpCoordinateOverrideGM.kt	TEST_DISABLED	STUB.GR_FRAGMENT_PROCESSOR	skia-integration-tests/src/test/kotlin/org/skia/tests/FpCoordinateOverrideTest.kt	STUB.GR_FRAGMENT_PROCESSOR	gpu-intractable
fwidth_squircle	1	FwidthSquircleGM.kt	TEST_DISABLED	STUB.GANESH_FWIDTH	skia-integration-tests/src/test/kotlin/org/skia/tests/FwidthSquircleTest.kt	STUB.GANESH_FWIDTH	gpu-intractable
gammatext	3	GammaShaderTextGM.kt,GammatextColorShaderGM.kt	PARTIAL	-	skia-integration-tests/src/test/kotlin/org/skia/tests/GammaShaderTextTest.kt,skia-integration-tests/src/test/kotlin/org/skia/tests/GammatextColorShaderTest.kt	-	partial-coverage
getpostextpath	1	GetPosTextPathGM.kt	PORTED	-	skia-integration-tests/src/test/kotlin/org/skia/tests/GetPosTextPathTest.kt	-	ported
giantbitmap	1	GiantBitmapGM.kt	PORTED	-	skia-integration-tests/src/test/kotlin/org/skia/tests/GiantBitmapTest.kt	-	ported
glyph_pos	6	-	MISSING	-	-	-	missing-mapping
gm	0	-	HELPER	-	-	-	helper
gpu_blur_utils	7	GpuBlurUtilsGM.kt	TEST_DISABLED	STUB.GPU_GANESH_BLUR_UTILS	skia-integration-tests/src/test/kotlin/org/skia/tests/GpuBlurUtilsTest.kt	STUB.GPU_GANESH_BLUR_UTILS	gpu-intractable
gradient_dirty_laundry	1	GradientDirtyLaundryGM.kt,GradientsGM.kt	PARTIAL	-	gpu-raster/src/test/kotlin/org/skia/gpu/webgpu/GradientDirtyLaundryWebGpuTest.kt,skia-integration-tests/src/test/kotlin/org/skia/tests/GradientDirtyLaundryTest.kt,gpu-raster/src/test/kotlin/org/skia/gpu/webgpu/crossbackend/GradientDirtyLaundryCrossBackendTest.kt,gpu-raster/src/test/kotlin/org/skia/gpu/webgpu/GradientsWebGpuTest.kt	-	partial-coverage
gradient_matrix	1	GradientMatrixGM.kt	PORTED	-	skia-integration-tests/src/test/kotlin/org/skia/tests/GradientMatrixTest.kt	-	ported
gradients	25	ClampedGradientsGM.kt,GradientDirtyLaundryGM.kt,GradientManyHardStopsGM.kt,GradientManyStopsGM.kt,GradientsAlphaManyStopsGM.kt,GradientsColorSpaceGM.kt,GradientsColorSpaceManyStopsGM.kt,GradientsColorSpaceTilemodeGM.kt,GradientsDegenrate2PointGM.kt,GradientsDupColorStopsGM.kt,GradientsGM.kt,GradientsHueMethodGM.kt,GradientsInterestingGM.kt,GradientsLocalPerspectiveGM.kt,GradientsViewPerspectiveGM.kt,LinearGradientGM.kt,LinearGradientTinyGM.kt,RadialGradient2GM.kt,RadialGradient3GM.kt,RadialGradient4GM.kt,RadialGradientGM.kt,RgbwSweepGradientGM.kt,SmallColorStopGM.kt,SweepTilingGM.kt	PARTIAL	STUB.GRADIENT_INTERPOLATION	gpu-raster/src/test/kotlin/org/skia/gpu/webgpu/ClampedGradientsWebGpuTest.kt,skia-integration-tests/src/test/kotlin/org/skia/tests/ClampedGradientsTest.kt,gpu-raster/src/test/kotlin/org/skia/gpu/webgpu/crossbackend/ClampedGradientsCrossBackendTest.kt,skia-integration-tests/src/test/kotlin/org/skia/tests/GradientDirtyLaundryTest.kt,gpu-raster/src/test/kotlin/org/skia/gpu/webgpu/GradientDirtyLaundryWebGpuTest.kt,gpu-raster/src/test/kotlin/org/skia/gpu/webgpu/crossbackend/GradientDirtyLaundryCrossBackendTest.kt,skia-integration-tests/src/test/kotlin/org/skia/tests/GradientsDegenrate2PointTest.kt,gpu-raster/src/test/kotlin/org/skia/gpu/webgpu/GradientsWebGpuTest.kt,skia-integration-tests/src/test/kotlin/org/skia/tests/GradientsLocalPerspectiveTest.kt,skia-integration-tests/src/test/kotlin/org/skia/tests/GradientsViewPerspectiveTest.kt,skia-integration-tests/src/test/kotlin/org/skia/tests/LinearGradientTest.kt,skia-integration-tests/src/test/kotlin/org/skia/tests/LinearGradientTinyTest.kt,gpu-raster/src/test/kotlin/org/skia/gpu/webgpu/crossbackend/LinearGradientTinyCrossBackendTest.kt,skia-integration-tests/src/test/kotlin/org/skia/tests/RadialGradient2Test.kt,gpu-raster/src/test/kotlin/org/skia/gpu/webgpu/RadialGradient2WebGpuTest.kt,gpu-raster/src/test/kotlin/org/skia/gpu/webgpu/crossbackend/RadialGradient2CrossBackendTest.kt,skia-integration-tests/src/test/kotlin/org/skia/tests/RadialGradient3Test.kt,gpu-raster/src/test/kotlin/org/skia/gpu/webgpu/RadialGradient3WebGpuTest.kt,gpu-raster/src/test/kotlin/org/skia/gpu/webgpu/crossbackend/RadialGradient3CrossBackendTest.kt,skia-integration-tests/src/test/kotlin/org/skia/tests/RadialGradient4Test.kt,gpu-raster/src/test/kotlin/org/skia/gpu/webgpu/RadialGradient4WebGpuTest.kt,gpu-raster/src/test/kotlin/org/skia/gpu/webgpu/crossbackend/RadialGradient4CrossBackendTest.kt,skia-integration-tests/src/test/kotlin/org/skia/tests/RadialGradientTest.kt,gpu-raster/src/test/kotlin/org/skia/gpu/webgpu/RadialGradientWebGpuTest.kt,gpu-raster/src/test/kotlin/org/skia/gpu/webgpu/crossbackend/RadialGradientCrossBackendTest.kt,gpu-raster/src/test/kotlin/org/skia/gpu/webgpu/RgbwSweepGradientWebGpuTest.kt,gpu-raster/src/test/kotlin/org/skia/gpu/webgpu/SweepTilingWebGpuTest.kt	-	implementation
gradients_2pt_conical	1	ConicalGradientsGM.kt	PORTED	-	gpu-raster/src/test/kotlin/org/skia/gpu/webgpu/ConicalGradientsWebGpuTest.kt,skia-integration-tests/src/test/kotlin/org/skia/tests/ConicalGradientsTest.kt,gpu-raster/src/test/kotlin/org/skia/gpu/webgpu/crossbackend/ConicalGradientsCrossBackendTest.kt	ALIAS	alias
gradients_degenerate	1	DegenerateGradientGM.kt	PORTED	-	skia-integration-tests/src/test/kotlin/org/skia/tests/DegenerateGradientTest.kt	-	ported
gradients_no_texture	2	GradientsManyColorsGM.kt,GradientsNoTextureGM.kt	PORTED	-	gpu-raster/src/test/kotlin/org/skia/gpu/webgpu/GradientsNoTextureWebGpuTest.kt,skia-integration-tests/src/test/kotlin/org/skia/tests/GradientsManyColorsTest.kt,skia-integration-tests/src/test/kotlin/org/skia/tests/GradientsNoTextureTest.kt,gpu-raster/src/test/kotlin/org/skia/gpu/webgpu/crossbackend/GradientsNoTextureCrossBackendTest.kt	-	ported
gradtext	3	GradTextGM.kt	PARTIAL	-	-	-	partial-coverage
graphite_replay	1	GraphiteReplayGM.kt	TEST_DISABLED	STUB.GRAPHITE	skia-integration-tests/src/test/kotlin/org/skia/tests/GraphiteReplayTest.kt	STUB.GRAPHITE	gpu-intractable
graphitestart	1	GraphiteStartGM.kt	TEST_DISABLED	STUB.GRAPHITE,STUB.GRAPHITE.gaussianCF,STUB.GRAPHITE.makeWithColorFilter,STUB.GRAPHITE.writePixels	skia-integration-tests/src/test/kotlin/org/skia/tests/GraphiteStartTest.kt	STUB.GRAPHITE,STUB.GRAPHITE.gaussianCF,STUB.GRAPHITE.writePixels	gpu-intractable
grayscalejpg	1	GrayscaleJpgGM.kt	PORTED	-	skia-integration-tests/src/test/kotlin/org/skia/tests/GrayscaleJpgTest.kt	-	ported
hairlines	4	HairlineSubdivGM.kt,HairlinesGM.kt,SquareHairDiffsGM.kt,SquareHairGM.kt	PORTED	-	gpu-raster/src/test/kotlin/org/skia/gpu/webgpu/HairlineSubdivWebGpuTest.kt,gpu-raster/src/test/kotlin/org/skia/gpu/webgpu/crossbackend/HairlineSubdivCrossBackendTest.kt,gpu-raster/src/test/kotlin/org/skia/gpu/webgpu/crossbackend/HairlinesCrossBackendTest.kt	-	ported
hairmodes	1	HairModesGM.kt	PORTED	-	-	-	ported
hardstop_gradients	1	HardstopGradientShaderGM.kt	PORTED	-	skia-integration-tests/src/test/kotlin/org/skia/tests/HardstopGradientShaderTest.kt	-	ported
hardstop_gradients_many	1	HardstopGradientsManyGM.kt	PORTED	-	skia-integration-tests/src/test/kotlin/org/skia/tests/HardstopGradientsManyTest.kt	-	ported
hdr_pip_blur	1	-	MISSING	-	-	-	missing-mapping
hello_bazel_world	1	-	MISSING	-	-	-	missing-mapping
highcontrastfilter	1	HighContrastFilterGM.kt	PORTED	-	skia-integration-tests/src/test/kotlin/org/skia/tests/HighContrastFilterGMTest.kt	-	ported
hittestpath	1	HitTestPathGM.kt	PORTED	-	skia-integration-tests/src/test/kotlin/org/skia/tests/HitTestPathTest.kt	-	ported
hsl	2	HslBlendGM.kt,HslGM.kt	PORTED	-	skia-integration-tests/src/test/kotlin/org/skia/tests/HslBlendTest.kt,skia-integration-tests/src/test/kotlin/org/skia/tests/HslTest.kt	-	ported
hugepath	3	HugePathCrbug800804GM.kt,PathHugeAaGM.kt,PathHugeCrbug800804GM.kt	PARTIAL	-	skia-integration-tests/src/test/kotlin/org/skia/tests/HugePathCrbug800804Test.kt,skia-integration-tests/src/test/kotlin/org/skia/tests/PathHugeAaTest.kt	-	partial-coverage
image	6	Crbug404394639GM.kt,ImageGM.kt,ImageSubsetGM.kt,NewTextureImageGM.kt,ScalePixelsGM.kt,ScalepixelsUnpremulGM.kt	PARTIAL	STUB.GPU_TEXTURE_FROM_IMAGE,STUB.IMAGE_MAKE_SCALED	gpu-raster/src/test/kotlin/org/skia/gpu/webgpu/ScalePixelsWebGpuTest.kt,skia-integration-tests/src/test/kotlin/org/skia/tests/Crbug404394639Test.kt,skia-integration-tests/src/test/kotlin/org/skia/tests/ImageGMTest.kt,skia-integration-tests/src/test/kotlin/org/skia/tests/ImageSubsetTest.kt,skia-integration-tests/src/test/kotlin/org/skia/tests/NewTextureImageTest.kt,skia-integration-tests/src/test/kotlin/org/skia/tests/ScalePixelsTest.kt,gpu-raster/src/test/kotlin/org/skia/gpu/webgpu/crossbackend/ScalePixelsCrossBackendTest.kt,skia-integration-tests/src/test/kotlin/org/skia/tests/ScalepixelsUnpremulTest.kt	STUB.GPU_TEXTURE_FROM_IMAGE,STUB.IMAGE_MAKE_SCALED,STUB.PIXMAP_SCALE	gpu-intractable
image_pict	2	ImageCacheratorGM.kt,ImagePictGM.kt	PORTED	-	skia-integration-tests/src/test/kotlin/org/skia/tests/ImageCacheratorTest.kt,skia-integration-tests/src/test/kotlin/org/skia/tests/ImagePictTest.kt	-	ported
image_shader	4	DrawimageSamplingGM.kt,ImageShaderGM.kt,ImageshaderTinyscaleGM.kt,TextureimageAndShaderGM.kt	PORTED	-	skia-integration-tests/src/test/kotlin/org/skia/tests/DrawimageSamplingTest.kt,skia-integration-tests/src/test/kotlin/org/skia/tests/ImageShaderTest.kt,skia-integration-tests/src/test/kotlin/org/skia/tests/ImageshaderTinyscaleTest.kt,skia-integration-tests/src/test/kotlin/org/skia/tests/TextureimageAndShaderTest.kt	-	ported
imageblur	2	ImageBlurGM.kt	PORTED	-	skia-integration-tests/src/test/kotlin/org/skia/tests/ImageBlurTest.kt	-	ported
imageblur2	1	ImageBlur2GM.kt	TEST_DISABLED	-	skia-integration-tests/src/test/kotlin/org/skia/tests/ImageBlur2Test.kt	SLOW.GM_STRESS	slow-or-reference
imageblurclampmode	1	ImageBlurClampModeGM.kt	PORTED	-	skia-integration-tests/src/test/kotlin/org/skia/tests/ImageBlurClampModeTest.kt	-	ported
imageblurrepeatmode	2	ImageBlurRepeatModeGM.kt,ImageBlurRepeatUnclippedGM.kt	PORTED	-	skia-integration-tests/src/test/kotlin/org/skia/tests/ImageBlurRepeatModeTest.kt,skia-integration-tests/src/test/kotlin/org/skia/tests/ImageBlurRepeatUnclippedTest.kt	-	ported
imageblurtiled	1	ImageBlurTiledGM.kt	PORTED	-	skia-integration-tests/src/test/kotlin/org/skia/tests/ImageBlurTiledTest.kt	-	ported
imagedither	1	ImageDitherGM.kt	PORTED	-	-	-	ported
imagefilters	5	FastSlowBlurImageFilterGM.kt,ImageFiltersEffectOrderGM.kt,ImageFiltersXfermodesGM.kt,MultipleFiltersGM.kt,SaveLayerWithBackdropGM.kt	PARTIAL	STUB.IFX.MULTIPLE_FILTERS_SPAN	gpu-raster/src/test/kotlin/org/skia/gpu/webgpu/SaveLayerWithBackdropWebGpuTest.kt,skia-integration-tests/src/test/kotlin/org/skia/tests/FastSlowBlurImageFilterTest.kt,skia-integration-tests/src/test/kotlin/org/skia/tests/ImageFiltersEffectOrderTest.kt,skia-integration-tests/src/test/kotlin/org/skia/tests/ImageFiltersXfermodesTest.kt,skia-integration-tests/src/test/kotlin/org/skia/tests/MultipleFiltersTest.kt,skia-integration-tests/src/test/kotlin/org/skia/tests/SaveLayerWithBackdropTest.kt,gpu-raster/src/test/kotlin/org/skia/gpu/webgpu/crossbackend/SaveLayerWithBackdropCrossBackendTest.kt	STUB.BACKDROP_FILTER,STUB.IFX.MULTIPLE_FILTERS_SPAN	implementation
imagefiltersbase	4	ImageFiltersBaseGM.kt,ImageFiltersTextBaseGM.kt	PARTIAL	-	gpu-raster/src/test/kotlin/org/skia/gpu/webgpu/ImageFiltersTextBaseWebGpuTest.kt,skia-integration-tests/src/test/kotlin/org/skia/tests/ImageFiltersBaseTest.kt,skia-integration-tests/src/test/kotlin/org/skia/tests/ImageFiltersTextBaseTest.kt,gpu-raster/src/test/kotlin/org/skia/gpu/webgpu/crossbackend/ImageFiltersTextBaseCrossBackendTest.kt	STUB.TEXT_IMAGE_FILTER	implementation
imagefiltersclipped	2	ImageFilterConvolveSubsetGM.kt,ImageFiltersClippedGM.kt	PORTED	-	skia-integration-tests/src/test/kotlin/org/skia/tests/ImageFilterConvolveSubsetTest.kt,skia-integration-tests/src/test/kotlin/org/skia/tests/ImageFiltersClippedTest.kt	-	ported
imagefilterscropexpand	1	ImageFiltersCropExpandGM.kt	PORTED	-	skia-integration-tests/src/test/kotlin/org/skia/tests/ImageFiltersCropExpandTest.kt	-	ported
imagefilterscropped	1	ImageFiltersCroppedGM.kt	PORTED	-	skia-integration-tests/src/test/kotlin/org/skia/tests/ImageFiltersCroppedTest.kt	-	ported
imagefiltersgraph	1	ImageFiltersGraphGM.kt	PORTED	-	skia-integration-tests/src/test/kotlin/org/skia/tests/ImageFiltersGraphTest.kt	-	ported
imagefiltersscaled	1	ImageFiltersScaledGM.kt	PORTED	-	skia-integration-tests/src/test/kotlin/org/skia/tests/ImageFiltersScaledTest.kt	-	ported
imagefiltersstroked	1	ImageFiltersStrokedGM.kt	PORTED	-	skia-integration-tests/src/test/kotlin/org/skia/tests/ImageFiltersStrokedTest.kt	-	ported
imagefilterstransformed	5	ImageFilterComposedTransformGM.kt,ImageFilterTransformedImageGM.kt,ImageFiltersTransformedGM.kt,ImageFiltersTransformedOriginalGM.kt,RotateImageFilterGM.kt	PORTED	-	skia-integration-tests/src/test/kotlin/org/skia/tests/ImageFilterComposedTransformTest.kt,skia-integration-tests/src/test/kotlin/org/skia/tests/ImageFilterTransformedImageTest.kt,skia-integration-tests/src/test/kotlin/org/skia/tests/ImageFiltersTransformedTest.kt,skia-integration-tests/src/test/kotlin/org/skia/tests/ImageFiltersTransformedOriginalTest.kt,skia-integration-tests/src/test/kotlin/org/skia/tests/RotateImageFilterTest.kt	-	ported
imagefiltersunpremul	1	ImageFiltersUnpremulGM.kt	PORTED	-	skia-integration-tests/src/test/kotlin/org/skia/tests/ImageFiltersUnpremulTest.kt	-	ported
imagefromyuvtextures	1	-	MISSING	-	-	-	missing-mapping
imagemagnifier	3	ImageMagnifierGM.kt	PORTED	-	skia-integration-tests/src/test/kotlin/org/skia/tests/ImageMagnifierTest.kt	-	ported
imagemakewithfilter	1	ImageMakeWithFilterGM.kt	PORTED	-	skia-integration-tests/src/test/kotlin/org/skia/tests/ImageMakeWithFilterTest.kt	-	ported
imagemasksubset	1	ImageMaskSubsetGM.kt	TEST_DISABLED	STUB.ALPHA8_IMAGE_AS_MASK	skia-integration-tests/src/test/kotlin/org/skia/tests/ImageMaskSubsetTest.kt	STUB.ALPHA8_IMAGE_AS_MASK	implementation
imageresizetiled	1	ImageResizeTiledGM.kt	PORTED	-	skia-integration-tests/src/test/kotlin/org/skia/tests/ImageResizeTiledTest.kt	-	ported
imagesource	1	ImageSourceGM.kt	PORTED	-	skia-integration-tests/src/test/kotlin/org/skia/tests/ImageSourceTest.kt	-	ported
imagesource2	1	ImageSourceGM.kt	PORTED	-	skia-integration-tests/src/test/kotlin/org/skia/tests/ImageSourceTest.kt	-	ported
internal_links	1	InternalLinksGM.kt	PORTED	-	skia-integration-tests/src/test/kotlin/org/skia/tests/InternalLinksTest.kt	-	ported
inverseclip	1	InverseClipGM.kt	PORTED	-	-	-	ported
inversepaths	3	InverseFillFiltersGM.kt,InversePathsGM.kt,InverseWindingmodeFiltersGM.kt	PORTED	-	skia-integration-tests/src/test/kotlin/org/skia/tests/InverseFillFiltersTest.kt	-	ported
jpg_color_cube	1	ColorCubeGM.kt	PORTED	-	gpu-raster/src/test/kotlin/org/skia/gpu/webgpu/ColorCubeWebGpuTest.kt,skia-integration-tests/src/test/kotlin/org/skia/tests/ColorCubeTest.kt,gpu-raster/src/test/kotlin/org/skia/gpu/webgpu/crossbackend/ColorCubeCrossBackendTest.kt	STUB.COLOR_CUBE_LUT	ported
kawase_blur_rt	1	-	MISSING	-	-	-	missing-mapping
labyrinth	3	LabyrinthGM.kt	PORTED	-	skia-integration-tests/src/test/kotlin/org/skia/tests/LabyrinthTest.kt	-	ported
largeclippedpath	2	LargeClippedPathGM.kt	PORTED	-	-	-	ported
largeglyphblur	1	LargeGlyphBlurGM.kt	PORTED	-	skia-integration-tests/src/test/kotlin/org/skia/tests/LargeGlyphBlurTest.kt	-	ported
lattice	4	LatticeAlphaGM.kt,LatticeGM.kt,NinepatchEdgeCase349428795GM.kt	PARTIAL	-	gpu-raster/src/test/kotlin/org/skia/gpu/webgpu/crossbackend/LatticeCrossBackendTest.kt,skia-integration-tests/src/test/kotlin/org/skia/tests/LatticeAlphaTest.kt,skia-integration-tests/src/test/kotlin/org/skia/tests/LatticeTest.kt,skia-integration-tests/src/test/kotlin/org/skia/tests/NinepatchEdgeCase349428795Test.kt	-	partial-coverage
lazytiling	1	LazyTilingGM.kt	TEST_DISABLED	STUB.LAZY_TILING_GPU	skia-integration-tests/src/test/kotlin/org/skia/tests/LazyTilingTest.kt	STUB.LAZY_TILING_GPU	gpu-intractable
lcdblendmodes	1	LcdBlendGM.kt	PORTED	-	skia-integration-tests/src/test/kotlin/org/skia/tests/LcdBlendTest.kt	-	ported
lcdoverlap	1	LcdOverlapGM.kt	PORTED	-	skia-integration-tests/src/test/kotlin/org/skia/tests/LcdOverlapTest.kt	-	ported
lcdtext	3	LcdTextGM.kt,LcdTextSizeGM.kt,SaveLayerPreserveLCDTextGM.kt	PORTED	-	gpu-raster/src/test/kotlin/org/skia/gpu/webgpu/SaveLayerPreserveLCDTextWebGpuTest.kt,skia-integration-tests/src/test/kotlin/org/skia/tests/LcdTextSizeTest.kt,skia-integration-tests/src/test/kotlin/org/skia/tests/LcdTextTest.kt,skia-integration-tests/src/test/kotlin/org/skia/tests/SaveLayerPreserveLCDTextTest.kt,gpu-raster/src/test/kotlin/org/skia/gpu/webgpu/crossbackend/SaveLayerPreserveLCDTextCrossBackendTest.kt	-	ported
lighting	1	ImageLightingGM.kt	PORTED	-	-	-	ported
linepaths	2	-	MISSING	-	-	-	missing-mapping
localmatriximagefilter	1	LocalMatrixImageFilterGM.kt	PORTED	-	skia-integration-tests/src/test/kotlin/org/skia/tests/LocalMatrixImageFilterTest.kt	-	ported
localmatriximageshader	2	LocalMatrixImageShaderFilteringGM.kt,LocalMatrixImageShaderGM.kt	PORTED	-	skia-integration-tests/src/test/kotlin/org/skia/tests/LocalMatrixImageShaderFilteringTest.kt,skia-integration-tests/src/test/kotlin/org/skia/tests/LocalMatrixImageShaderTest.kt	-	ported
localmatrixshader	3	LocalMatrixOrderGM.kt,LocalMatrixShaderGM.kt,LocalMatrixShaderPerspGM.kt	PORTED	-	skia-integration-tests/src/test/kotlin/org/skia/tests/LocalMatrixOrderTest.kt,skia-integration-tests/src/test/kotlin/org/skia/tests/LocalMatrixShaderTest.kt,skia-integration-tests/src/test/kotlin/org/skia/tests/LocalMatrixShaderPerspTest.kt	-	ported
lumafilter	2	AlternateLumaGM.kt,LumaFilterGM.kt	TEST_DISABLED	STUB.COLOR_FILTER_PRIV	skia-integration-tests/src/test/kotlin/org/skia/tests/AlternateLumaTest.kt	STUB.COLOR_FILTER_PRIV	implementation
luminosity	1	LuminosityOverflowGM.kt	PORTED	-	skia-integration-tests/src/test/kotlin/org/skia/tests/LuminosityOverflowTest.kt	-	ported
mac_aa_explorer	2	MacAAFontsGM.kt,MacaaColorsGM.kt	PARTIAL	-	skia-integration-tests/src/test/kotlin/org/skia/tests/MacAAFontsTest.kt,skia-integration-tests/src/test/kotlin/org/skia/tests/MacaaColorsTest.kt	-	platform-gated
make_raster_image	1	MakeRasterImageGM.kt	PORTED	-	gpu-raster/src/test/kotlin/org/skia/gpu/webgpu/MakeRasterImageWebGpuTest.kt,skia-integration-tests/src/test/kotlin/org/skia/tests/MakeRasterImageTest.kt,gpu-raster/src/test/kotlin/org/skia/gpu/webgpu/crossbackend/MakeRasterImageCrossBackendTest.kt	-	ported
makecolorspace	3	MakeColorSpaceGM.kt,MakeColorTypeAndSpaceGM.kt,ReinterpretColorSpaceGM.kt	PORTED	STUB.IMAGE_REINTERPRET_COLOR_SPACE	skia-integration-tests/src/test/kotlin/org/skia/tests/MakeColorSpaceTest.kt,skia-integration-tests/src/test/kotlin/org/skia/tests/MakeColorTypeAndSpaceTest.kt,skia-integration-tests/src/test/kotlin/org/skia/tests/ReinterpretColorSpaceTest.kt	-	ported
mandoline	1	SliverPathsGM.kt	PORTED	-	gpu-raster/src/test/kotlin/org/skia/gpu/webgpu/SliverPathsWebGpuTest.kt,skia-integration-tests/src/test/kotlin/org/skia/tests/SliverPathsTest.kt,gpu-raster/src/test/kotlin/org/skia/gpu/webgpu/crossbackend/SliverPathsCrossBackendTest.kt	-	ported
manypathatlases	1	ManyPathAtlasesGM.kt	PORTED	-	skia-integration-tests/src/test/kotlin/org/skia/tests/ManyPathAtlasesTest.kt	-	ported
manypaths	2	ManyCirclesGM.kt,ManyRRectsGM.kt	PORTED	-	skia-integration-tests/src/test/kotlin/org/skia/tests/ManyCirclesTest.kt,skia-integration-tests/src/test/kotlin/org/skia/tests/ManyRRectsTest.kt	-	ported
matrixconvolution	1	MatrixConvolutionGM.kt	PORTED	-	skia-integration-tests/src/test/kotlin/org/skia/tests/MatrixConvolutionTest.kt	-	ported
matriximagefilter	1	MatrixImageFilterGM.kt	PORTED	-	-	-	ported
mesh	8	MeshGMs.kt	PARTIAL	STUB.MESH	-	-	implementation
mipmap	3	MipmapGM.kt	PORTED	-	skia-integration-tests/src/test/kotlin/org/skia/tests/MipmapTest.kt	-	ported
mirrortile	1	MirrorTileGM.kt	PORTED	-	-	-	ported
mixedtextblobs	1	MixedTextBlobsGM.kt	PORTED	STUB.EMOJI_TABLES	skia-integration-tests/src/test/kotlin/org/skia/tests/MixedTextBlobsGMTest.kt	-	font-gated
mixercolorfilter	1	MixerCFGM.kt	PORTED	-	skia-integration-tests/src/test/kotlin/org/skia/tests/MixerCFTest.kt	-	ported
modecolorfilters	1	ModeColorFilterGM.kt	PORTED	-	skia-integration-tests/src/test/kotlin/org/skia/tests/ModeColorFilterTest.kt	-	ported
morphology	1	MorphologyGM.kt	PORTED	-	-	-	ported
nearesthalfpixelimage	1	NearestHalfPixelImageGM.kt	PORTED	-	skia-integration-tests/src/test/kotlin/org/skia/tests/NearestHalfPixelImageTest.kt	-	ported
nested	2	NestedGM.kt,NestedHairlineSquareGM.kt	PORTED	-	-	-	ported
ninepatchstretch	1	NinePatchStretchGM.kt	PORTED	-	skia-integration-tests/src/test/kotlin/org/skia/tests/NinePatchStretchTest.kt	-	ported
nonclosedpaths	2	NonClosedPathsGM.kt	PARTIAL	-	skia-integration-tests/src/test/kotlin/org/skia/tests/NonClosedPathsTest.kt	-	partial-coverage
offsetimagefilter	2	OffsetImageFilterGM.kt,SimpleOffsetImageFilterGM.kt	PORTED	-	gpu-raster/src/test/kotlin/org/skia/gpu/webgpu/SimpleOffsetImageFilterWebGpuTest.kt,skia-integration-tests/src/test/kotlin/org/skia/tests/OffsetImageFilterTest.kt,skia-integration-tests/src/test/kotlin/org/skia/tests/SimpleOffsetImageFilterTest.kt,gpu-raster/src/test/kotlin/org/skia/gpu/webgpu/crossbackend/SimpleOffsetImageFilterCrossBackendTest.kt	-	ported
orientation	2	OrientationGM.kt	PARTIAL	-	skia-integration-tests/src/test/kotlin/org/skia/tests/OrientationTest.kt	-	partial-coverage
ovals	1	OvalGM.kt	PORTED	-	skia-integration-tests/src/test/kotlin/org/skia/tests/OvalTest.kt	-	ported
overdrawcanvas	2	OverdrawCanvasGM.kt,OverdrawTextXformGM.kt	PORTED	-	skia-integration-tests/src/test/kotlin/org/skia/tests/OverdrawCanvasTest.kt,skia-integration-tests/src/test/kotlin/org/skia/tests/OverdrawTextXformTest.kt	-	ported
overdrawcolorfilter	1	OverdrawColorFilterGM.kt	PORTED	-	skia-integration-tests/src/test/kotlin/org/skia/tests/OverdrawColorFilterTest.kt	-	ported
overstroke	1	OverStrokeGM.kt	PARTIAL	-	gpu-raster/src/test/kotlin/org/skia/gpu/webgpu/crossbackend/OverStrokeCrossBackendTest.kt,skia-integration-tests/src/test/kotlin/org/skia/tests/OverStrokeTest.kt	-	partial-coverage
p3	2	P3GM.kt	PORTED	-	skia-integration-tests/src/test/kotlin/org/skia/tests/P3Test.kt	-	ported
palette	1	FontPaletteGM.kt	TEST_DISABLED	STUB.COLR_V1,STUB.FIXTURE,STUB.FONTATIONS	skia-integration-tests/src/test/kotlin/org/skia/tests/FontPaletteTest.kt	STUB.COLR_V1,STUB.FIXTURE,STUB.FONTATIONS	font-gated
patch	5	PatchAlphaGM.kt,PatchAlphaTestGM.kt,PatchImageGM.kt,PatchImagePerspGM.kt,PatchPrimitiveGM.kt	PORTED	-	skia-integration-tests/src/test/kotlin/org/skia/tests/PatchAlphaTest.kt,skia-integration-tests/src/test/kotlin/org/skia/tests/PatchImageTest.kt,skia-integration-tests/src/test/kotlin/org/skia/tests/PatchImagePerspTest.kt	-	ported
path_stroke_with_zero_length	0	-	HELPER	-	-	-	helper
patharcto	3	ArctoSkbug9272GM.kt,PathAppendExtendGM.kt,ShallowAnglePathArcToGM.kt	PARTIAL	STUB.PERSPECTIVE_ADDPATH	gpu-raster/src/test/kotlin/org/skia/gpu/webgpu/ShallowAnglePathArcToWebGpuTest.kt,skia-integration-tests/src/test/kotlin/org/skia/tests/ArctoSkbug9272Test.kt,skia-integration-tests/src/test/kotlin/org/skia/tests/PathAppendExtendTest.kt,skia-integration-tests/src/test/kotlin/org/skia/tests/ShallowAnglePathArcToTest.kt,gpu-raster/src/test/kotlin/org/skia/gpu/webgpu/crossbackend/ShallowAnglePathArcToCrossBackendTest.kt	STUB.PERSPECTIVE_ADDPATH	implementation
pathcontourstart	1	ContourStartGM.kt	PORTED	-	gpu-raster/src/test/kotlin/org/skia/gpu/webgpu/crossbackend/ContourStartCrossBackendTest.kt,skia-integration-tests/src/test/kotlin/org/skia/tests/ContourStartTest.kt	-	ported
patheffects	2	CTMPathEffectGM.kt,PathEffectGM.kt	PARTIAL	-	gpu-raster/src/test/kotlin/org/skia/gpu/webgpu/CTMPathEffectWebGpuTest.kt,skia-integration-tests/src/test/kotlin/org/skia/tests/CTMPathEffectTest.kt,gpu-raster/src/test/kotlin/org/skia/gpu/webgpu/crossbackend/CTMPathEffectCrossBackendTest.kt,skia-integration-tests/src/test/kotlin/org/skia/tests/PathEffectTest.kt	STUB.PATH_EFFECT_CTM	implementation
pathfill	8	Bug7792GM.kt,PathArcToSkbug9077GM.kt,PathFillGM.kt,PathInverseFillGM.kt,PathSkbug11859GM.kt,PathSkbug11886GM.kt,RotatedCubicPathGM.kt	PARTIAL	-	gpu-raster/src/test/kotlin/org/skia/gpu/webgpu/Bug7792WebGpuTest.kt,gpu-raster/src/test/kotlin/org/skia/gpu/webgpu/crossbackend/Bug7792CrossBackendTest.kt,skia-integration-tests/src/test/kotlin/org/skia/tests/PathArcToSkbug9077Test.kt,gpu-raster/src/test/kotlin/org/skia/gpu/webgpu/PathArcToSkbug9077WebGpuTest.kt,gpu-raster/src/test/kotlin/org/skia/gpu/webgpu/crossbackend/PathArcToSkbug9077CrossBackendTest.kt,skia-integration-tests/src/test/kotlin/org/skia/tests/PathFillTest.kt,gpu-raster/src/test/kotlin/org/skia/gpu/webgpu/crossbackend/PathFillCrossBackendTest.kt,skia-integration-tests/src/test/kotlin/org/skia/tests/PathInverseFillTest.kt,gpu-raster/src/test/kotlin/org/skia/gpu/webgpu/crossbackend/PathInverseFillCrossBackendTest.kt,skia-integration-tests/src/test/kotlin/org/skia/tests/PathSkbug11859Test.kt,gpu-raster/src/test/kotlin/org/skia/gpu/webgpu/PathSkbug11859WebGpuTest.kt,gpu-raster/src/test/kotlin/org/skia/gpu/webgpu/crossbackend/PathSkbug11859CrossBackendTest.kt,skia-integration-tests/src/test/kotlin/org/skia/tests/PathSkbug11886Test.kt,gpu-raster/src/test/kotlin/org/skia/gpu/webgpu/PathSkbug11886WebGpuTest.kt,gpu-raster/src/test/kotlin/org/skia/gpu/webgpu/crossbackend/PathSkbug11886CrossBackendTest.kt,skia-integration-tests/src/test/kotlin/org/skia/tests/RotatedCubicPathTest.kt,gpu-raster/src/test/kotlin/org/skia/gpu/webgpu/crossbackend/RotatedCubicPathCrossBackendTest.kt	-	partial-coverage
pathinterior	1	PathInteriorGM.kt	PORTED	-	gpu-raster/src/test/kotlin/org/skia/gpu/webgpu/PathInteriorWebGpuTest.kt,skia-integration-tests/src/test/kotlin/org/skia/tests/PathInteriorTest.kt,gpu-raster/src/test/kotlin/org/skia/gpu/webgpu/crossbackend/PathInteriorCrossBackendTest.kt	-	ported
pathmaskcache	1	PathMaskCacheGM.kt	PORTED	-	-	-	ported
pathmeasure	1	PathMeasureExplosionGM.kt	TEST_DISABLED	STUB.PATH_MEASURE_EXPLOSION	skia-integration-tests/src/test/kotlin/org/skia/tests/PathMeasureExplosionTest.kt	STUB.PATH_MEASURE_EXPLOSION	implementation
pathopsblend	1	PathOpsBlendGM.kt	PORTED	-	skia-integration-tests/src/test/kotlin/org/skia/tests/PathOpsBlendTest.kt	-	ported
pathopsinverse	2	PathOpsInverseGM.kt,PathOpsSkbug10155GM.kt	PORTED	-	gpu-raster/src/test/kotlin/org/skia/gpu/webgpu/PathOpsSkbug10155WebGpuTest.kt,skia-integration-tests/src/test/kotlin/org/skia/tests/PathOpsInverseTest.kt,skia-integration-tests/src/test/kotlin/org/skia/tests/PathOpsSkbug10155Test.kt,gpu-raster/src/test/kotlin/org/skia/gpu/webgpu/crossbackend/PathOpsSkbug10155CrossBackendTest.kt	-	ported
pathreverse	0	-	HELPER	-	-	-	helper
pdf_never_embed	3	PdfCrbug772685GM.kt,PdfNeverEmbedGM.kt,PdfTableBasedSubsetGM.kt	PARTIAL	STUB.PDF_TABLE_SUBSET_FONTMGR	skia-integration-tests/src/test/kotlin/org/skia/tests/PdfCrbug772685Test.kt,skia-integration-tests/src/test/kotlin/org/skia/tests/PdfNeverEmbedTest.kt,skia-integration-tests/src/test/kotlin/org/skia/tests/PdfTableBasedSubsetTest.kt	STUB.PDF_TABLE_SUBSET_FONTMGR	font-gated
perlinnoise	4	PerlinNoiseGM.kt,PerlinNoiseLayeredGM.kt,PerlinNoiseLocalMatrixGM.kt,PerlinNoiseRotatedGM.kt	PORTED	-	gpu-raster/src/test/kotlin/org/skia/gpu/webgpu/crossbackend/PerlinNoiseLocalMatrixCrossBackendTest.kt,skia-integration-tests/src/test/kotlin/org/skia/tests/PerlinNoiseLayeredTest.kt,skia-integration-tests/src/test/kotlin/org/skia/tests/PerlinNoiseLocalMatrixTest.kt	-	ported
perspimages	1	PerspImagesGM.kt	TEST_DISABLED	INTRACTABLE.GPU_ONLY	skia-integration-tests/src/test/kotlin/org/skia/tests/PerspImagesTest.kt	INTRACTABLE.GPU_ONLY	gpu-intractable
perspshaders	2	PerspShadersGM.kt,PerspectiveClipGM.kt	PORTED	-	skia-integration-tests/src/test/kotlin/org/skia/tests/PerspShadersTest.kt,skia-integration-tests/src/test/kotlin/org/skia/tests/PerspectiveClipTest.kt	-	ported
persptext	1	PerspTextGM.kt	PORTED	-	skia-integration-tests/src/test/kotlin/org/skia/tests/PerspTextTest.kt	-	ported
picture	2	PictureCullRectGM.kt,PictureGM.kt	PORTED	-	-	-	ported
pictureimagefilter	1	PictureImageFilterGM.kt	PORTED	-	skia-integration-tests/src/test/kotlin/org/skia/tests/PictureImageFilterTest.kt	-	ported
pictureimagegenerator	1	PictureGeneratorGM.kt	PORTED	-	skia-integration-tests/src/test/kotlin/org/skia/tests/PictureGeneratorTest.kt	-	ported
pictureshader	3	PictureShaderGM.kt,PictureShaderPerspGM.kt,TiledPictureShaderGM.kt	PORTED	-	skia-integration-tests/src/test/kotlin/org/skia/tests/PictureShaderPerspTest.kt,skia-integration-tests/src/test/kotlin/org/skia/tests/PictureShaderTest.kt,skia-integration-tests/src/test/kotlin/org/skia/tests/TiledPictureShaderTest.kt	-	ported
pictureshadercache	1	PictureShaderCacheGM.kt	PORTED	-	skia-integration-tests/src/test/kotlin/org/skia/tests/PictureShaderCacheTest.kt	-	ported
pictureshadertile	1	PictureShaderTileGM.kt	PORTED	-	skia-integration-tests/src/test/kotlin/org/skia/tests/PictureShaderTileTest.kt	-	ported
plus	1	PlusMergesAaGM.kt	PORTED	-	-	-	ported
points	2	PointsGM.kt,PointsMaskFilterGM.kt	PORTED	-	gpu-raster/src/test/kotlin/org/skia/gpu/webgpu/PointsWebGpuTest.kt,skia-integration-tests/src/test/kotlin/org/skia/tests/PointsTest.kt,gpu-raster/src/test/kotlin/org/skia/gpu/webgpu/crossbackend/PointsCrossBackendTest.kt,skia-integration-tests/src/test/kotlin/org/skia/tests/PointsMaskFilterTest.kt,gpu-raster/src/test/kotlin/org/skia/gpu/webgpu/crossbackend/PointsMaskFilterCrossBackendTest.kt	-	ported
poly2poly	1	Poly2PolyGM.kt	PORTED	-	skia-integration-tests/src/test/kotlin/org/skia/tests/Poly2PolyTest.kt	-	ported
polygonoffset	1	PolygonOffsetGM.kt	PORTED	-	skia-integration-tests/src/test/kotlin/org/skia/tests/PolygonOffsetTest.kt	-	ported
polygons	3	ConjoinedPolygonsGM.kt,PolygonsGM.kt	PARTIAL	-	gpu-raster/src/test/kotlin/org/skia/gpu/webgpu/ConjoinedPolygonsWebGpuTest.kt,gpu-raster/src/test/kotlin/org/skia/gpu/webgpu/crossbackend/ConjoinedPolygonsCrossBackendTest.kt,gpu-raster/src/test/kotlin/org/skia/gpu/webgpu/PolygonsWebGpuTest.kt	-	partial-coverage
postercircle	1	PosterCircleGM.kt	PORTED	-	skia-integration-tests/src/test/kotlin/org/skia/tests/PosterCircleTest.kt	-	ported
preservefillrule	1	PreserveFillRuleGM.kt	PORTED	-	skia-integration-tests/src/test/kotlin/org/skia/tests/PreserveFillRuleTest.kt	-	ported
quadpaths	2	QuadClosePathGM.kt,QuadPathGM.kt	PARTIAL	-	skia-integration-tests/src/test/kotlin/org/skia/tests/QuadPathTest.kt	-	partial-coverage
radial_gradient_precision	1	RadialGradientPrecisionGM.kt	PORTED	-	skia-integration-tests/src/test/kotlin/org/skia/tests/RadialGradientPrecisionTest.kt	-	ported
rasterhandleallocator	1	RasterAllocatorGM.kt	PORTED	-	skia-integration-tests/src/test/kotlin/org/skia/tests/RasterAllocatorTest.kt	-	ported
readpixels	3	ReadPixelsCodecGM.kt,ReadPixelsGM.kt,ReadPixelsPictureGM.kt	PARTIAL	STUB.FIXTURE.GOOGLE_CHROME_ICO,STUB.ICO_DECODE	skia-integration-tests/src/test/kotlin/org/skia/tests/ReadPixelsTest.kt	STUB.FIXTURE.GOOGLE_CHROME_ICO,STUB.FIXTURE.READPIXELSCODEC_REFERENCE,STUB.FIXTURE.READPIXELSPICTURE_REFERENCE,STUB.ICO_DECODE	fixture-gated
recordopts	1	RecordOptsGM.kt	TEST_DISABLED	-	skia-integration-tests/src/test/kotlin/org/skia/tests/RecordOptsTest.kt	STUB.RECORDOPTS.SAVELAYER_COLOR_FILTER_FOLD,STUB.XYZ	implementation
rect_poly_stroke	1	RectPolyStrokeGM.kt	PORTED	-	gpu-raster/src/test/kotlin/org/skia/gpu/webgpu/RectPolyStrokeWebGpuTest.kt,gpu-raster/src/test/kotlin/org/skia/gpu/webgpu/crossbackend/RectPolyStrokeCrossBackendTest.kt	-	ported
rectangletexture	1	RectangleTextureGM.kt	TEST_DISABLED	STUB.GL_TEXTURE_RECTANGLE	skia-integration-tests/src/test/kotlin/org/skia/tests/RectangleTextureTest.kt	STUB.GL_TEXTURE_RECTANGLE	gpu-intractable
rendertomipmappedyuvimageplanes	1	RenderToMipmappedYUVImagePlanesGM.kt	TEST_DISABLED	STUB.GPU_RENDER_TARGET,STUB.YUVA_PIXMAPS	skia-integration-tests/src/test/kotlin/org/skia/tests/RenderToMipmappedYUVImagePlanesTest.kt	STUB.YUVA_PIXMAPS	codec-gated
repeated_bitmap	2	RepeatedBitmapGM.kt,RepeatedBitmapJpgGM.kt	PORTED	-	gpu-raster/src/test/kotlin/org/skia/gpu/webgpu/crossbackend/RepeatedBitmapCrossBackendTest.kt,skia-integration-tests/src/test/kotlin/org/skia/tests/RepeatedBitmapTest.kt,skia-integration-tests/src/test/kotlin/org/skia/tests/RepeatedBitmapJpgTest.kt	-	ported
resizeimagefilter	1	ResizeGM.kt	PORTED	-	-	-	ported
rippleshadergm	1	RippleShaderGM.kt	TEST_DISABLED	STUB.SKSL	skia-integration-tests/src/test/kotlin/org/skia/tests/RippleShaderTest.kt	STUB.SKSL	wgsl-runtime-gated
roundrects	1	RoundRectGM.kt	PORTED	-	skia-integration-tests/src/test/kotlin/org/skia/tests/RoundRectTest.kt	-	ported
rrect	2	RRectBlurGM.kt,RRectGM.kt	PARTIAL	-	gpu-raster/src/test/kotlin/org/skia/gpu/webgpu/crossbackend/RRectCrossBackendTest.kt,skia-integration-tests/src/test/kotlin/org/skia/tests/RRectBlurTest.kt,skia-integration-tests/src/test/kotlin/org/skia/tests/RRectTest.kt	-	implementation
rrectclipdrawpaint	1	RRectClipDrawPaintGM.kt	PORTED	-	-	-	ported
rrects	2	RRectGM.kt,StrokeRectRRectsGM.kt	PORTED	-	gpu-raster/src/test/kotlin/org/skia/gpu/webgpu/crossbackend/RRectCrossBackendTest.kt,skia-integration-tests/src/test/kotlin/org/skia/tests/RRectTest.kt,skia-integration-tests/src/test/kotlin/org/skia/tests/StrokeRectRRectsTest.kt	-	ported
rsxtext	1	RSXShaderGM.kt	PORTED	-	skia-integration-tests/src/test/kotlin/org/skia/tests/RSXShaderTest.kt	-	ported
runtimecolorfilter	2	RuntimeColorFilterGM.kt,RuntimecolorfilterVerticesAtlasAndPatchGM.kt	PORTED	-	skia-integration-tests/src/test/kotlin/org/skia/tests/RuntimecolorfilterVerticesAtlasAndPatchTest.kt	-	ported
runtimefunctions	1	RuntimeFunctionsGM.kt	PORTED	-	skia-integration-tests/src/test/kotlin/org/skia/tests/RuntimeFunctionsTest.kt	-	ported
runtimeimagefilter	2	RtifDistortGM.kt,RtifUnsharpGM.kt	PORTED	-	skia-integration-tests/src/test/kotlin/org/skia/tests/RtifDistortTest.kt,skia-integration-tests/src/test/kotlin/org/skia/tests/RtifUnsharpTest.kt	-	ported
runtimeintrinsics	8	RuntimeIntrinsicsCommonEs3GM.kt,RuntimeIntrinsicsCommonGM.kt,RuntimeIntrinsicsExponentialGM.kt,RuntimeIntrinsicsGeometricGM.kt,RuntimeIntrinsicsMatrixGM.kt,RuntimeIntrinsicsRelationalGM.kt,RuntimeIntrinsicsTrigEs3GM.kt,RuntimeIntrinsicsTrigGM.kt	PORTED	STUB.SKSL_ES3_GPU	-	-	wgsl-runtime-gated
runtimeshader	17	ColorCubeRTGM.kt,LinearGradientRTGM.kt,RuntimeShaderGM.kt,RuntimeShaderStubsGM.kt,SpiralRTGM.kt,ThresholdRTGM.kt,UnsharpRTGM.kt	PARTIAL	STUB.ALPHA_IMAGE_SHADER,STUB.CLIP_SUPER_RRECT,STUB.DEFERRED_SHADER,STUB.LIT_SHADER_LINEAR,STUB.LOCAL_MATRIX_RT,STUB.NORMAL_MAP_SHADER,STUB.NULL_CHILD_RT,STUB.RAW_IMAGE_SHADER,STUB.RUNTIME_SHADER_CHILD	skia-integration-tests/src/test/kotlin/org/skia/tests/RuntimeShaderTest.kt	-	wgsl-runtime-gated
samplerstress	1	SamplerStressGM.kt	PORTED	-	skia-integration-tests/src/test/kotlin/org/skia/tests/SamplerStressTest.kt	-	ported
savelayer	4	SaveBehindGM.kt,SaveLayerF16GM.kt,SaveLayerGM.kt,Skbug14554GM.kt	PARTIAL	STUB.EDGE_AA_IMAGE_SET,STUB.F16_COLOR_TYPE,STUB.SAVE_BEHIND	skia-integration-tests/src/test/kotlin/org/skia/tests/SaveBehindTest.kt,skia-integration-tests/src/test/kotlin/org/skia/tests/SaveLayerF16Test.kt,skia-integration-tests/src/test/kotlin/org/skia/tests/SaveLayerGMTest.kt,skia-integration-tests/src/test/kotlin/org/skia/tests/Skbug14554Test.kt	STUB.EDGE_AA_IMAGE_SET,STUB.F16_COLOR_TYPE,STUB.SAVE_BEHIND	implementation
scaledemoji	3	ScaledEmojiPerspectiveGM.kt,ScaledEmojiPosGM.kt	PARTIAL	STUB.EMOJI_TABLES	gpu-raster/src/test/kotlin/org/skia/gpu/webgpu/ScaledEmojiPerspectiveWebGpuTest.kt,skia-integration-tests/src/test/kotlin/org/skia/tests/ScaledEmojiPerspectiveTest.kt,gpu-raster/src/test/kotlin/org/skia/gpu/webgpu/crossbackend/ScaledEmojiPerspectiveCrossBackendTest.kt,skia-integration-tests/src/test/kotlin/org/skia/tests/ScaledEmojiPosTest.kt,gpu-raster/src/test/kotlin/org/skia/gpu/webgpu/ScaledEmojiPosWebGpuTest.kt,gpu-raster/src/test/kotlin/org/skia/gpu/webgpu/crossbackend/ScaledEmojiPosCrossBackendTest.kt	STUB.EMOJI_TABLES	font-gated
scaledemoji_rendering	1	-	MISSING	-	-	-	missing-mapping
scaledrects	2	ClipLargeRectGM.kt,ScaledRectsGM.kt	PORTED	-	gpu-raster/src/test/kotlin/org/skia/gpu/webgpu/ScaledRectsWebGpuTest.kt,gpu-raster/src/test/kotlin/org/skia/gpu/webgpu/crossbackend/ClipLargeRectCrossBackendTest.kt,skia-integration-tests/src/test/kotlin/org/skia/tests/ScaledRectsTest.kt,gpu-raster/src/test/kotlin/org/skia/gpu/webgpu/crossbackend/ScaledRectsCrossBackendTest.kt	-	ported
scaledstrokes	1	ScaledStrokesGM.kt	PORTED	-	gpu-raster/src/test/kotlin/org/skia/gpu/webgpu/ScaledStrokesWebGpuTest.kt,skia-integration-tests/src/test/kotlin/org/skia/tests/ScaledStrokesTest.kt,gpu-raster/src/test/kotlin/org/skia/gpu/webgpu/crossbackend/ScaledStrokesCrossBackendTest.kt	-	ported
shadermaskfilter	1	ShaderMaskFilterGM.kt	PORTED	-	skia-integration-tests/src/test/kotlin/org/skia/tests/ShaderMaskFilterGMTest.kt	-	ported
shaderpath	1	ShaderPathGM.kt	PORTED	-	-	-	ported
shadertext3	1	ShaderText3GM.kt	PORTED	-	skia-integration-tests/src/test/kotlin/org/skia/tests/ShaderText3Test.kt	-	ported
shadowutils	5	ShadowUtilsDirectionalGM.kt,ShadowUtilsGaussianColorFilterGM.kt	PARTIAL	STUB.GAUSSIAN_COLOR_FILTER	skia-integration-tests/src/test/kotlin/org/skia/tests/ShadowUtilsDirectionalTest.kt,skia-integration-tests/src/test/kotlin/org/skia/tests/ShadowUtilsGaussianColorFilterTest.kt	STUB.GAUSSIAN_COLOR_FILTER	implementation
shallowgradient	1	ShallowGradientGM.kt	PORTED	-	-	-	ported
shapes	3	InnerShapesGM.kt,ShapesGM.kt,SimpleShapesGM.kt	PORTED	-	-	-	ported
sharedcorners	1	SharedCornersGM.kt	PORTED	-	skia-integration-tests/src/test/kotlin/org/skia/tests/SharedCornersTest.kt	-	ported
showmiplevels	1	ShowMipLevelsGM.kt	PORTED	-	skia-integration-tests/src/test/kotlin/org/skia/tests/ShowMipLevelsTest.kt	-	ported
simpleaaclip	1	SimpleClipGM.kt	PORTED	-	-	-	ported
simplerect	1	SimpleRectGM.kt	PORTED	-	skia-integration-tests/src/test/kotlin/org/skia/tests/SimpleRectTest.kt	-	ported
skbug1719	1	Skbug1719GM.kt	PORTED	-	-	-	ported
skbug_12212	1	Skbug12212GM.kt	PORTED	-	skia-integration-tests/src/test/kotlin/org/skia/tests/Skbug12212Test.kt	-	ported
skbug_257	1	Skbug257GM.kt	PORTED	-	skia-integration-tests/src/test/kotlin/org/skia/tests/Skbug257Test.kt	-	ported
skbug_4868	1	Skbug4868GM.kt	PORTED	-	skia-integration-tests/src/test/kotlin/org/skia/tests/Skbug4868Test.kt	-	ported
skbug_5321	1	Skbug5321GM.kt	PORTED	-	skia-integration-tests/src/test/kotlin/org/skia/tests/Skbug5321Test.kt	-	ported
skbug_8664	1	Skbug8664GM.kt	PORTED	-	skia-integration-tests/src/test/kotlin/org/skia/tests/Skbug8664Test.kt	-	ported
skbug_8955	1	Skbug8955GM.kt	PORTED	-	skia-integration-tests/src/test/kotlin/org/skia/tests/Skbug8955Test.kt	-	ported
skbug_9319	1	Skbug9319GM.kt	PORTED	-	-	-	ported
skbug_9819	1	Skbug9819GM.kt	PORTED	-	skia-integration-tests/src/test/kotlin/org/skia/tests/Skbug9819Test.kt	-	ported
slug	1	SlugGM.kt	TEST_DISABLED	STUB.SLUG	gpu-raster/src/test/kotlin/org/skia/gpu/webgpu/SlugWebGpuTest.kt,skia-integration-tests/src/test/kotlin/org/skia/tests/SlugTest.kt,gpu-raster/src/test/kotlin/org/skia/gpu/webgpu/crossbackend/SlugCrossBackendTest.kt	STUB.SLUG	gpu-intractable
smallarc	1	SmallArcGM.kt	PORTED	-	gpu-raster/src/test/kotlin/org/skia/gpu/webgpu/SmallArcWebGpuTest.kt,skia-integration-tests/src/test/kotlin/org/skia/tests/SmallArcTest.kt,gpu-raster/src/test/kotlin/org/skia/gpu/webgpu/crossbackend/SmallArcCrossBackendTest.kt	-	ported
smallcircles	1	SmallCirclesGM.kt	PORTED	-	-	-	ported
smallpaths	1	SmallPathsGM.kt	PORTED	-	-	-	ported
spritebitmap	2	DrawImagerectFilterGM.kt,SpriteBitmapGM.kt	PORTED	-	skia-integration-tests/src/test/kotlin/org/skia/tests/DrawImagerectFilterTest.kt	-	ported
srcmode	1	SrcModeGM.kt	PORTED	-	skia-integration-tests/src/test/kotlin/org/skia/tests/SrcModeTest.kt	-	ported
srgb	1	SrgbGM.kt	PORTED	-	skia-integration-tests/src/test/kotlin/org/skia/tests/SrgbTest.kt	-	ported
stlouisarch	1	StLouisArchGM.kt	PORTED	-	skia-integration-tests/src/test/kotlin/org/skia/tests/StLouisArchTest.kt	-	ported
stringart	1	StringArtGM.kt	PORTED	-	-	-	ported
stroke_rect_shader	1	StrokeRectShaderGM.kt	PORTED	-	gpu-raster/src/test/kotlin/org/skia/gpu/webgpu/StrokeRectShaderWebGpuTest.kt,skia-integration-tests/src/test/kotlin/org/skia/tests/StrokeRectShaderTest.kt,gpu-raster/src/test/kotlin/org/skia/gpu/webgpu/crossbackend/StrokeRectShaderCrossBackendTest.kt	-	ported
strokedlines	2	StrokedLineCapsGM.kt,StrokedLinesGM.kt	PARTIAL	-	skia-integration-tests/src/test/kotlin/org/skia/tests/StrokedLineCapsTest.kt,skia-integration-tests/src/test/kotlin/org/skia/tests/StrokedLinesTest.kt	STUB.STROKEDLINE_CAPS	implementation
strokefill	3	Bug339297GM.kt,Bug6987GM.kt	PARTIAL	-	gpu-raster/src/test/kotlin/org/skia/gpu/webgpu/Bug6987WebGpuTest.kt,skia-integration-tests/src/test/kotlin/org/skia/tests/Bug339297Test.kt,skia-integration-tests/src/test/kotlin/org/skia/tests/Bug6987Test.kt,gpu-raster/src/test/kotlin/org/skia/gpu/webgpu/crossbackend/Bug6987CrossBackendTest.kt	-	partial-coverage
strokerect	2	StrokeRectGM.kt,StrokerectAnisotropic5408GM.kt	PORTED	-	gpu-raster/src/test/kotlin/org/skia/gpu/webgpu/StrokeRectWebGpuTest.kt,skia-integration-tests/src/test/kotlin/org/skia/tests/StrokeRectTest.kt,gpu-raster/src/test/kotlin/org/skia/gpu/webgpu/crossbackend/StrokeRectCrossBackendTest.kt,gpu-raster/src/test/kotlin/org/skia/gpu/webgpu/crossbackend/StrokerectAnisotropic5408CrossBackendTest.kt	-	ported
strokerect_anisotropic	1	-	MISSING	-	-	-	missing-mapping
strokerects	1	StrokeRectsGM.kt	PORTED	-	gpu-raster/src/test/kotlin/org/skia/gpu/webgpu/StrokeRectsWebGpuTest.kt,skia-integration-tests/src/test/kotlin/org/skia/tests/StrokeRectsTest.kt,gpu-raster/src/test/kotlin/org/skia/gpu/webgpu/crossbackend/StrokeRectsCrossBackendTest.kt	-	ported
strokes	15	B340982297GM.kt,CubicStrokeGM.kt,InnerJoinGeometryGM.kt,QuadCapGM.kt,Skbug12244GM.kt,Strokes2GM.kt,Strokes3GM.kt,Strokes4GM.kt,Strokes5GM.kt,StrokesGM.kt,TeenyStrokesGM.kt,ZeroLenStrokesGM.kt,ZeroLineStrokeGM.kt	PARTIAL	-	gpu-raster/src/test/kotlin/org/skia/gpu/webgpu/CubicStrokeWebGpuTest.kt,gpu-raster/src/test/kotlin/org/skia/gpu/webgpu/crossbackend/B340982297CrossBackendTest.kt,skia-integration-tests/src/test/kotlin/org/skia/tests/CubicStrokeTest.kt,gpu-raster/src/test/kotlin/org/skia/gpu/webgpu/crossbackend/CubicStrokeCrossBackendTest.kt,gpu-raster/src/test/kotlin/org/skia/gpu/webgpu/InnerJoinGeometryWebGpuTest.kt,gpu-raster/src/test/kotlin/org/skia/gpu/webgpu/crossbackend/InnerJoinGeometryCrossBackendTest.kt,gpu-raster/src/test/kotlin/org/skia/gpu/webgpu/QuadCapWebGpuTest.kt,gpu-raster/src/test/kotlin/org/skia/gpu/webgpu/crossbackend/QuadCapCrossBackendTest.kt,skia-integration-tests/src/test/kotlin/org/skia/tests/Skbug12244Test.kt,gpu-raster/src/test/kotlin/org/skia/gpu/webgpu/Skbug12244WebGpuTest.kt,gpu-raster/src/test/kotlin/org/skia/gpu/webgpu/crossbackend/Skbug12244CrossBackendTest.kt,skia-integration-tests/src/test/kotlin/org/skia/tests/Strokes2Test.kt,skia-integration-tests/src/test/kotlin/org/skia/tests/Strokes3Test.kt,gpu-raster/src/test/kotlin/org/skia/gpu/webgpu/Strokes3WebGpuTest.kt,gpu-raster/src/test/kotlin/org/skia/gpu/webgpu/crossbackend/Strokes3CrossBackendTest.kt,skia-integration-tests/src/test/kotlin/org/skia/tests/Strokes4Test.kt,gpu-raster/src/test/kotlin/org/skia/gpu/webgpu/crossbackend/Strokes4CrossBackendTest.kt,skia-integration-tests/src/test/kotlin/org/skia/tests/Strokes5Test.kt,gpu-raster/src/test/kotlin/org/skia/gpu/webgpu/Strokes5WebGpuTest.kt,gpu-raster/src/test/kotlin/org/skia/gpu/webgpu/crossbackend/Strokes5CrossBackendTest.kt,skia-integration-tests/src/test/kotlin/org/skia/tests/StrokesTest.kt,gpu-raster/src/test/kotlin/org/skia/gpu/webgpu/StrokesWebGpuTest.kt,gpu-raster/src/test/kotlin/org/skia/gpu/webgpu/crossbackend/StrokesCrossBackendTest.kt,skia-integration-tests/src/test/kotlin/org/skia/tests/TeenyStrokesTest.kt,skia-integration-tests/src/test/kotlin/org/skia/tests/ZeroLenStrokesTest.kt,gpu-raster/src/test/kotlin/org/skia/gpu/webgpu/ZeroLenStrokesWebGpuTest.kt,gpu-raster/src/test/kotlin/org/skia/gpu/webgpu/crossbackend/ZeroLenStrokesCrossBackendTest.kt,skia-integration-tests/src/test/kotlin/org/skia/tests/ZeroLineStrokeTest.kt,gpu-raster/src/test/kotlin/org/skia/gpu/webgpu/ZeroLineStrokeWebGpuTest.kt,gpu-raster/src/test/kotlin/org/skia/gpu/webgpu/crossbackend/ZeroLineStrokeCrossBackendTest.kt	-	partial-coverage
stroketext	2	StrokeTextGM.kt,StrokeTextNativeGM.kt	PARTIAL	STUB.LIBERATION_FM	skia-integration-tests/src/test/kotlin/org/skia/tests/StrokeTextNativeTest.kt,skia-integration-tests/src/test/kotlin/org/skia/tests/StrokeTextTest.kt	STUB.LIBERATION_FM	font-gated
subsetshader	1	BitmapSubsetShaderGM.kt	PORTED	-	gpu-raster/src/test/kotlin/org/skia/gpu/webgpu/crossbackend/BitmapSubsetShaderCrossBackendTest.kt,skia-integration-tests/src/test/kotlin/org/skia/tests/BitmapSubsetShaderTest.kt	-	ported
surface	4	NewSurfaceGM.kt,SnapWithMipsGM.kt,SurfacePropsGM.kt	PARTIAL	-	gpu-raster/src/test/kotlin/org/skia/gpu/webgpu/SurfacePropsWebGpuTest.kt,gpu-raster/src/test/kotlin/org/skia/gpu/webgpu/crossbackend/NewSurfaceCrossBackendTest.kt,skia-integration-tests/src/test/kotlin/org/skia/tests/NewSurfaceTest.kt,skia-integration-tests/src/test/kotlin/org/skia/tests/SnapWithMipsTest.kt,skia-integration-tests/src/test/kotlin/org/skia/tests/SurfacePropsTest.kt,gpu-raster/src/test/kotlin/org/skia/gpu/webgpu/crossbackend/SurfacePropsCrossBackendTest.kt	STUB.SURFACE_PROPS	implementation
swizzle	1	SwizzleGM.kt	TEST_DISABLED	STUB.GANESH	skia-integration-tests/src/test/kotlin/org/skia/tests/SwizzleTest.kt	STUB.GANESH	gpu-intractable
tablecolorfilter	2	ComposeColorFilterGM.kt,TableColorFilterGM.kt	PORTED	-	skia-integration-tests/src/test/kotlin/org/skia/tests/TableColorFilterTest.kt	-	ported
tablemaskfilter	1	TableMaskFilterGM.kt	PORTED	-	skia-integration-tests/src/test/kotlin/org/skia/tests/TableMaskFilterGMTest.kt	-	ported
tallstretchedbitmaps	1	TallStretchedBitmapsGM.kt	PORTED	-	skia-integration-tests/src/test/kotlin/org/skia/tests/TallStretchedBitmapsTest.kt	-	ported
testgradient	1	TestGradientGM.kt	PORTED	-	gpu-raster/src/test/kotlin/org/skia/gpu/webgpu/TestGradientWebGpuTest.kt,skia-integration-tests/src/test/kotlin/org/skia/tests/TestGradientTest.kt,gpu-raster/src/test/kotlin/org/skia/gpu/webgpu/crossbackend/TestGradientCrossBackendTest.kt	-	ported
texelsubset	1	-	MISSING	-	-	-	missing-mapping
text_scale_skew	2	TextScaleSkewGM.kt	PORTED	-	-	-	ported
textblob	1	TextBlobGM.kt	PORTED	-	-	-	ported
textblobblockreordering	1	TextBlobBlockReorderingGM.kt	PORTED	-	-	-	ported
textblobcolortrans	1	TextBlobColorTransGM.kt	PORTED	-	-	-	ported
textblobgeometrychange	1	TextBlobGeometryChangeGM.kt	PORTED	-	skia-integration-tests/src/test/kotlin/org/skia/tests/TextBlobGeometryChangeTest.kt	-	ported
textblobmixedsizes	1	TextBlobMixedSizesGM.kt	PORTED	STUB.DF_TEXT_RASTER	skia-integration-tests/src/test/kotlin/org/skia/tests/TextBlobMixedSizesTest.kt	-	implementation
textblobrandomfont	1	TextBlobRandomFontGM.kt	TEST_DISABLED	STUB.GR_RANDOM_TYPEFACE	skia-integration-tests/src/test/kotlin/org/skia/tests/TextBlobRandomFontTest.kt	STUB.GR_RANDOM_TYPEFACE	gpu-intractable
textblobshader	1	TextBlobShaderGM.kt	PORTED	-	-	-	ported
textblobtransforms	1	TextBlobTransformsGM.kt	PORTED	-	skia-integration-tests/src/test/kotlin/org/skia/tests/TextBlobTransformsTest.kt	-	ported
textblobuseaftergpufree	1	TextBlobUseAfterGpuFreeGM.kt	PORTED	-	skia-integration-tests/src/test/kotlin/org/skia/tests/TextBlobUseAfterGpuFreeTest.kt	-	ported
texteffects	2	TextBlobInterceptsGM.kt,TextEffectsGM.kt	PORTED	-	skia-integration-tests/src/test/kotlin/org/skia/tests/TextBlobInterceptsTest.kt,skia-integration-tests/src/test/kotlin/org/skia/tests/TextEffectsTest.kt	-	ported
thinconcavepaths	1	ThinConcavePathsGM.kt	PORTED	-	skia-integration-tests/src/test/kotlin/org/skia/tests/ThinConcavePathsTest.kt	-	ported
thinrects	2	ClippedThinRectGM.kt,ThinRectsGM.kt	PORTED	-	gpu-raster/src/test/kotlin/org/skia/gpu/webgpu/ThinRectsWebGpuTest.kt,skia-integration-tests/src/test/kotlin/org/skia/tests/ThinRectsTest.kt,gpu-raster/src/test/kotlin/org/skia/gpu/webgpu/crossbackend/ThinRectsCrossBackendTest.kt	-	ported
thinstrokedrects	1	ThinStrokedRectsGM.kt	PORTED	-	gpu-raster/src/test/kotlin/org/skia/gpu/webgpu/ThinStrokedRectsWebGpuTest.kt,skia-integration-tests/src/test/kotlin/org/skia/tests/ThinStrokedRectsTest.kt,gpu-raster/src/test/kotlin/org/skia/gpu/webgpu/crossbackend/ThinStrokedRectsCrossBackendTest.kt	-	ported
tiledscaledbitmap	1	TiledScaledBitmapGM.kt	PORTED	-	skia-integration-tests/src/test/kotlin/org/skia/tests/TiledScaledBitmapTest.kt	-	ported
tileimagefilter	1	TileImageFilterGM.kt	PORTED	-	skia-integration-tests/src/test/kotlin/org/skia/tests/TileImageFilterTest.kt	-	ported
tilemodes	3	TilemodeDecalGM.kt,Tiling2GM.kt,TilingGM.kt	PORTED	-	gpu-raster/src/test/kotlin/org/skia/gpu/webgpu/Tiling2WebGpuTest.kt,skia-integration-tests/src/test/kotlin/org/skia/tests/TilemodeDecalTest.kt,skia-integration-tests/src/test/kotlin/org/skia/tests/Tiling2Test.kt,gpu-raster/src/test/kotlin/org/skia/gpu/webgpu/crossbackend/Tiling2CrossBackendTest.kt	-	ported
tilemodes_alpha	1	TilemodesAlphaGM.kt	PORTED	-	gpu-raster/src/test/kotlin/org/skia/gpu/webgpu/TilemodesAlphaWebGpuTest.kt,skia-integration-tests/src/test/kotlin/org/skia/tests/TilemodesAlphaTest.kt,gpu-raster/src/test/kotlin/org/skia/gpu/webgpu/crossbackend/TilemodesAlphaCrossBackendTest.kt	-	ported
tilemodes_scaled	2	ScaledTiling2GM.kt,ScaledTilingGM.kt	PORTED	-	skia-integration-tests/src/test/kotlin/org/skia/tests/ScaledTiling2Test.kt	-	ported
tinybitmap	1	TinyBitmapGM.kt	PORTED	-	gpu-raster/src/test/kotlin/org/skia/gpu/webgpu/TinyBitmapWebGpuTest.kt	-	ported
transparency	1	TransparencyCheckGM.kt	PORTED	-	skia-integration-tests/src/test/kotlin/org/skia/tests/TransparencyCheckTest.kt	-	ported
trickycubicstrokes	3	TrickyCubicStrokesLargeRadiusGM.kt	PARTIAL	-	-	-	partial-coverage
typeface	5	TypefaceRenderingGM.kt,TypefaceStylesGM.kt,TypefaceStylingGM.kt	PARTIAL	STUB.FIXTURE	skia-integration-tests/src/test/kotlin/org/skia/tests/TypefaceRenderingTest.kt,skia-integration-tests/src/test/kotlin/org/skia/tests/TypefaceStylesTest.kt,skia-integration-tests/src/test/kotlin/org/skia/tests/TypefaceStylingTest.kt	STUB.FIXTURE	fixture-gated
unpremul	1	UnpremulGM.kt	PORTED	-	skia-integration-tests/src/test/kotlin/org/skia/tests/UnpremulTest.kt	-	ported
userfont	1	UserFontGM.kt	PORTED	-	skia-integration-tests/src/test/kotlin/org/skia/tests/UserFontTest.kt	-	ported
variedtext	1	VariedTextGM.kt	PORTED	-	skia-integration-tests/src/test/kotlin/org/skia/tests/VariedTextTest.kt	-	ported
vertices	5	Skbug13047GM.kt,VerticesBatchingGM.kt,VerticesCollapsedGM.kt,VerticesGM.kt,VerticesPerspectiveGM.kt	PARTIAL	STUB.DRAW_VERTICES	gpu-raster/src/test/kotlin/org/skia/gpu/webgpu/VerticesWebGpuTest.kt,skia-integration-tests/src/test/kotlin/org/skia/tests/VerticesBatchingTest.kt,skia-integration-tests/src/test/kotlin/org/skia/tests/VerticesTest.kt,gpu-raster/src/test/kotlin/org/skia/gpu/webgpu/crossbackend/VerticesCrossBackendTest.kt	STUB.DRAW_VERTICES	implementation
verylargebitmap	1	VeryLargeBitmapGM.kt	TEST_DISABLED	-	skia-integration-tests/src/test/kotlin/org/skia/tests/VeryLargeBitmapTest.kt	SLOW.GM_STRESS	slow-or-reference
video_decoder	1	VideoDecoderGM.kt	TEST_DISABLED	STUB.FFMPEG	skia-integration-tests/src/test/kotlin/org/skia/tests/VideoDecoderTest.kt	STUB.FFMPEG	codec-gated
wacky_yuv_formats	3	WackyYUVFormatsGM.kt,YUVMakeColorSpaceGM.kt,YUVSplitterGM.kt	PARTIAL	STUB.YUVA_PIXMAPS	gpu-raster/src/test/kotlin/org/skia/gpu/webgpu/WackyYUVFormatsWebGpuTest.kt,skia-integration-tests/src/test/kotlin/org/skia/tests/WackyYUVFormatsTest.kt,gpu-raster/src/test/kotlin/org/skia/gpu/webgpu/crossbackend/WackyYUVFormatsCrossBackendTest.kt,skia-integration-tests/src/test/kotlin/org/skia/tests/YUVMakeColorSpaceTest.kt,gpu-raster/src/test/kotlin/org/skia/gpu/webgpu/YUVMakeColorSpaceWebGpuTest.kt,gpu-raster/src/test/kotlin/org/skia/gpu/webgpu/crossbackend/YUVMakeColorSpaceCrossBackendTest.kt,skia-integration-tests/src/test/kotlin/org/skia/tests/YUVSplitterTest.kt	STUB.YUVA_PIXMAPS	codec-gated
widebuttcaps	1	WideButtCapsGM.kt	PORTED	-	skia-integration-tests/src/test/kotlin/org/skia/tests/WideButtCapsTest.kt	-	ported
windowrectangles	1	WindowRectanglesGM.kt	PORTED	-	skia-integration-tests/src/test/kotlin/org/skia/tests/WindowRectanglesTest.kt	-	ported
workingspace	2	WorkingspaceGM.kt,WorkingspaceInputOutputGM.kt	TEST_DISABLED	STUB.CF_SHADER_CHILD,STUB.COLOR4F_BLEND_CF,STUB.WORKING_COLOR_SPACE_IO,STUB.WORKING_SPACE_RT	skia-integration-tests/src/test/kotlin/org/skia/tests/WorkingspaceInputOutputTest.kt,skia-integration-tests/src/test/kotlin/org/skia/tests/WorkingspaceTest.kt	STUB.CF_SHADER_CHILD,STUB.COLOR4F_BLEND_CF,STUB.WORKING_COLOR_SPACE_IO,STUB.WORKING_SPACE_RT	wgsl-runtime-gated
xfermodeimagefilter	1	XfermodeImageFilterGM.kt	PORTED	-	skia-integration-tests/src/test/kotlin/org/skia/tests/XfermodeImageFilterTest.kt	-	ported
xfermodes	1	XfermodesGM.kt	PORTED	-	skia-integration-tests/src/test/kotlin/org/skia/tests/XfermodesTest.kt	-	ported
xfermodes2	1	Xfermodes2GM.kt	PORTED	-	skia-integration-tests/src/test/kotlin/org/skia/tests/Xfermodes2Test.kt	-	ported
xfermodes3	1	Xfermodes3GM.kt	PORTED	-	skia-integration-tests/src/test/kotlin/org/skia/tests/Xfermodes3Test.kt	-	ported
ycbcrimage	1	YCbCrImageGM.kt	TEST_DISABLED	STUB.VULKAN_YCBCR_SAMPLER	skia-integration-tests/src/test/kotlin/org/skia/tests/YCbCrImageTest.kt	STUB.VULKAN_YCBCR_SAMPLER	gpu-intractable
yuv420_odd_dim	2	Yuv420OddDimGM.kt,Yuv420OddDimRepeatGM.kt	TEST_DISABLED	STUB.CANVAS_GPU_SURFACE,STUB.LAZY_YUV_IMAGE,STUB.YUVA_PIXMAPS	skia-integration-tests/src/test/kotlin/org/skia/tests/Yuv420OddDimRepeatTest.kt,skia-integration-tests/src/test/kotlin/org/skia/tests/Yuv420OddDimTest.kt	STUB.LAZY_YUV_IMAGE,STUB.YUVA_PIXMAPS	codec-gated
yuvtorgbsubset	1	-	MISSING	-	-	-	missing-mapping
